url,routename,Bus Name,Bus Type,Departing Time,Duration,Reaching Time,Star Rating,Price,Seats Available
https://www.redbus.in/bus-tickets/chandigarh-to-delhi,Chandigarh to Delhi,Chandigarh Transport Undertaking (CTU) - 165681,HVAC Seater (2+3),07:00,05h 35m,12:35,4.3,404.76,46 Seats available
https://www.redbus.in/bus-tickets/chandigarh-to-delhi,Chandigarh to Delhi,Chandigarh Transport Undertaking (CTU) - 165684,HVAC Seater (2+3),07:55,05h 35m,13:30,4.6,404.76,46 Seats available
https://www.redbus.in/bus-tickets/chandigarh-to-delhi,Chandigarh to Delhi,Chandigarh Transport Undertaking (CTU) - 165687,HVAC Seater (2+3),08:25,05h 35m,14:00,4.1,404.76,47 Seats available
https://www.redbus.in/bus-tickets/chandigarh-to-delhi,Chandigarh to Delhi,Chandigarh Transport Undertaking (CTU) - 165676,HVAC Seater (2+3),09:25,05h 35m,15:00,4.0,404.76,47 Seats available
https://www.redbus.in/bus-tickets/chandigarh-to-delhi,Chandigarh to Delhi,Chandigarh Transport Undertaking (CTU) - 165689,HVAC Seater (2+3),10:30,05h 35m,16:05,3.7,404.76,47 Seats available
https://www.redbus.in/bus-tickets/chandigarh-to-delhi,Chandigarh to Delhi,Chandigarh Transport Undertaking (CTU) - 165691,HVAC Seater (2+3),11:20,05h 35m,16:55,3.7,404.76,47 Seats available
https://www.redbus.in/bus-tickets/chandigarh-to-delhi,Chandigarh to Delhi,Chandigarh Transport Undertaking (CTU) - 165693,HVAC Seater (2+3),12:30,05h 35m,18:05,3.7,404.76,47 Seats available
https://www.redbus.in/bus-tickets/chandigarh-to-delhi,Chandigarh to Delhi,Chandigarh Transport Undertaking (CTU) - 165697,HVAC Seater (2+3),14:00,05h 35m,19:35,3.7,404.76,47 Seats available
https://www.redbus.in/bus-tickets/chandigarh-to-delhi,Chandigarh to Delhi,Chandigarh Transport Undertaking (CTU) - 165709,HVAC Seater (2+3),14:30,05h 35m,20:05,3.7,404.76,45 Seats available
https://www.redbus.in/bus-tickets/chandigarh-to-delhi,Chandigarh to Delhi,Chandigarh Transport Undertaking (CTU) - 165720,HVAC Seater (2+3),15:30,05h 35m,21:05,3.7,404.76,47 Seats available
https://www.redbus.in/bus-tickets/chandigarh-to-delhi,Chandigarh to Delhi,Chandigarh Transport Undertaking (CTU) - 165722,HVAC Seater (2+3),16:30,05h 35m,22:05,3.4,404.76,47 Seats available
https://www.redbus.in/bus-tickets/chandigarh-to-delhi,Chandigarh to Delhi,Chandigarh Transport Undertaking (CTU) - 165724,HVAC Seater (2+3),17:00,05h 35m,22:35,3.5,404.76,47 Seats available
https://www.redbus.in/bus-tickets/chandigarh-to-delhi,Chandigarh to Delhi,Chandigarh Transport Undertaking (CTU) - 165726,HVAC Seater (2+3),17:30,05h 35m,23:05,3.7,404.76,47 Seats available
https://www.redbus.in/bus-tickets/chandigarh-to-delhi,Chandigarh to Delhi,Laxmi holidays,Volvo 9600 A/C Semi Sleeper (2+2),00:30,04h 15m,04:45,4.4,523,20 Seats available
https://www.redbus.in/bus-tickets/chandigarh-to-delhi,Chandigarh to Delhi,FlixBus,A/C Seater (2+2),00:30,04h 30m,05:00,4.0,509,32 Seats available
https://www.redbus.in/bus-tickets/chandigarh-to-delhi,Chandigarh to Delhi,Zingbus Plus,Volvo A/C Semi Sleeper (2+2),00:40,04h 20m,05:00,4.5,375,10 Seats available
https://www.redbus.in/bus-tickets/chandigarh-to-delhi,Chandigarh to Delhi,Deltin Travels,Volvo 9600 A/C Semi Sleeper (2+2),00:45,04h 25m,05:10,3.1,425,27 Seats available
https://www.redbus.in/bus-tickets/chandigarh-to-delhi,Chandigarh to Delhi,Bedi Travels,Volvo A/C Semi Sleeper (2+2 ),00:55,04h 35m,05:30,5.0,450,6 Seats available
https://www.redbus.in/bus-tickets/chandigarh-to-delhi,Chandigarh to Delhi,Northern Travels,Volvo A/C Semi Sleeper (2+2),01:00,04h 15m,05:15,3.3,510,2 Seats available
https://www.redbus.in/bus-tickets/chandigarh-to-delhi,Chandigarh to Delhi,Golden Temple Express Volvo,Volvo Multi-Axle A/C Semi Sleeper (2+2),02:30,03h 35m,06:05,3.7,549,26 Seats available
https://www.redbus.in/bus-tickets/chandigarh-to-delhi,Chandigarh to Delhi,Laxmi holidays,Volvo 9600 A/C Semi Sleeper (2+2),01:00,04h 30m,05:30,4.5,523,15 Seats available
https://www.redbus.in/bus-tickets/chandigarh-to-delhi,Chandigarh to Delhi,Bedi Travels,Volvo 9600 Multi Axle Semi-Sleeper (2+2),01:00,04h 30m,05:30,4.5,432,24 Seats available
https://www.redbus.in/bus-tickets/chandigarh-to-delhi,Chandigarh to Delhi,Zingbus Plus,Volvo A/C Semi Sleeper (2+2),01:05,04h 25m,05:30,4.4,270,18 Seats available
https://www.redbus.in/bus-tickets/chandigarh-to-delhi,Chandigarh to Delhi,Ram Dalal Holidays,Volvo 9600 A/C Semi Sleeper (2+2),01:10,04h 20m,05:30,3.6,450,17 Seats available
https://www.redbus.in/bus-tickets/chandigarh-to-delhi,Chandigarh to Delhi,FlixBus,A/C Seater (2+2),01:15,04h 45m,06:00,4.3,437,26 Seats available
https://www.redbus.in/bus-tickets/chandigarh-to-delhi,Chandigarh to Delhi,Muskan Tour And Travels private Limited,Volvo Multi-Axle I-Shift B11R Semi Sleeper (2+2),01:30,04h 25m,05:55,4.3,438,24 Seats available
https://www.redbus.in/bus-tickets/chandigarh-to-delhi,Chandigarh to Delhi,City Land Travels,Volvo A/C Semi Sleeper (2+2),01:15,04h 15m,05:30,3.0,495,14 Seats available
https://www.redbus.in/bus-tickets/chandigarh-to-delhi,Chandigarh to Delhi,Laxmi holidays,Volvo A/C Semi Sleeper (2+2),01:15,04h 15m,05:30,4.6,475,9 Seats available
https://www.redbus.in/bus-tickets/delhi-to-chandigarh,Delhi to Chandigarh,HRTC - 69,Himsuta AC Seater Volvo/Scania 2+2,00:40,05h 05m,05:45,4.7,523,33 Seats available
https://www.redbus.in/bus-tickets/delhi-to-chandigarh,Delhi to Chandigarh,HRTC - 2100720,Ordinary 3+2 Non AC Seater,05:00,06h 00m,11:00,3.9,270,37 Seats available
https://www.redbus.in/bus-tickets/delhi-to-chandigarh,Delhi to Chandigarh,HRTC - 689,A/C Executive (2+3),05:20,05h 10m,10:30,2.4,375,42 Seats available
https://www.redbus.in/bus-tickets/delhi-to-chandigarh,Delhi to Chandigarh,HRTC - 434,Ordinary 3+2 Non AC Seater,05:30,05h 20m,10:50,3.9,285,37 Seats available
https://www.redbus.in/bus-tickets/delhi-to-chandigarh,Delhi to Chandigarh,HRTC - 1139,Ordinary 3+2 Non AC Seater,06:00,04h 35m,10:35,3.9,285,36 Seats available
https://www.redbus.in/bus-tickets/delhi-to-chandigarh,Delhi to Chandigarh,HRTC - 886,Ordinary 3+2 Non AC Seater,06:20,05h 50m,12:10,3.9,285,37 Seats available
https://www.redbus.in/bus-tickets/delhi-to-chandigarh,Delhi to Chandigarh,HRTC - 504,Ordinary 3+2 Non AC Seater,06:30,06h 10m,12:40,3.9,285,37 Seats available
https://www.redbus.in/bus-tickets/delhi-to-chandigarh,Delhi to Chandigarh,HRTC - 505,Ordinary 3+2 Non AC Seater,06:40,05h 40m,12:20,3.9,270,37 Seats available
https://www.redbus.in/bus-tickets/delhi-to-chandigarh,Delhi to Chandigarh,HRTC - 6,Himsuta AC Seater Volvo/Scania 2+2,06:45,04h 15m,11:00,4.2,523,33 Seats available
https://www.redbus.in/bus-tickets/delhi-to-chandigarh,Delhi to Chandigarh,HRTC - 165,Himsuta AC Seater Volvo/Scania 2+2,07:00,05h 00m,12:00,2.6,528,34 Seats available
https://www.redbus.in/bus-tickets/delhi-to-chandigarh,Delhi to Chandigarh,HRTC - 506,Ordinary 3+2 Non AC Seater,07:03,05h 17m,12:20,3.9,285,37 Seats available
https://www.redbus.in/bus-tickets/delhi-to-chandigarh,Delhi to Chandigarh,HRTC - 503,A/C Executive (2+3),07:10,04h 50m,12:00,3.1,365,44 Seats available
https://www.redbus.in/bus-tickets/delhi-to-chandigarh,Delhi to Chandigarh,HRTC - 533,Ordinary 3+2 Non AC Seater,07:20,05h 10m,12:30,3.9,285,37 Seats available
https://www.redbus.in/bus-tickets/delhi-to-chandigarh,Delhi to Chandigarh,HRTC - 509,Ordinary 3+2 Non AC Seater,07:50,06h 00m,13:50,3.9,281,37 Seats available
https://www.redbus.in/bus-tickets/delhi-to-chandigarh,Delhi to Chandigarh,HRTC - 592,A/C Executive (2+3),08:05,06h 00m,14:05,2.2,390,42 Seats available
https://www.redbus.in/bus-tickets/delhi-to-chandigarh,Delhi to Chandigarh,HRTC - 129,Ordinary 3+2 Non AC Seater,08:50,05h 45m,14:35,3.9,285,37 Seats available
https://www.redbus.in/bus-tickets/delhi-to-chandigarh,Delhi to Chandigarh,HRTC - 1468,Ordinary 3+2 Non AC Seater,09:15,06h 15m,15:30,3.9,285,37 Seats available
https://www.redbus.in/bus-tickets/delhi-to-chandigarh,Delhi to Chandigarh,HRTC - 7,Himsuta AC Seater Volvo/Scania 2+2,09:25,04h 35m,14:00,4.7,523,18 Seats available
https://www.redbus.in/bus-tickets/delhi-to-chandigarh,Delhi to Chandigarh,HRTC - 512,A/C Executive (2+3),10:00,05h 50m,15:50,3.0,380,42 Seats available
https://www.redbus.in/bus-tickets/delhi-to-chandigarh,Delhi to Chandigarh,HRTC - 513,Ordinary 3+2 Non AC Seater,10:30,04h 30m,15:00,3.9,285,27 Seats available
https://www.redbus.in/bus-tickets/delhi-to-chandigarh,Delhi to Chandigarh,HRTC - 657,Ordinary 3+2 Non AC Seater,11:00,06h 00m,17:00,3.9,280,33 Seats available
https://www.redbus.in/bus-tickets/delhi-to-chandigarh,Delhi to Chandigarh,HRTC - 514,Ordinary 3+2 Non AC Seater,11:30,06h 10m,17:40,3.9,285,37 Seats available
https://www.redbus.in/bus-tickets/delhi-to-chandigarh,Delhi to Chandigarh,HRTC - 516,Ordinary 3+2 Non AC Seater,11:45,06h 25m,18:10,3.9,285,18 Seats available
https://www.redbus.in/bus-tickets/delhi-to-chandigarh,Delhi to Chandigarh,HRTC - 6754,A/C Executive (2+3),12:00,05h 00m,17:00,3.9,390,43 Seats available
https://www.redbus.in/bus-tickets/delhi-to-chandigarh,Delhi to Chandigarh,HRTC - 515,Ordinary 3+2 Non AC Seater,12:30,05h 50m,18:20,3.9,280,37 Seats available
https://www.redbus.in/bus-tickets/delhi-to-chandigarh,Delhi to Chandigarh,HRTC - 1532,Ordinary 3+2 Non AC Seater,14:00,06h 20m,20:20,3.9,280,37 Seats available
https://www.redbus.in/bus-tickets/delhi-to-chandigarh,Delhi to Chandigarh,HRTC - 562,Ordinary 3+2 Non AC Seater,15:15,05h 55m,21:10,3.9,285,36 Seats available
https://www.redbus.in/bus-tickets/delhi-to-chandigarh,Delhi to Chandigarh,HRTC - 551,A/C Executive (2+3),15:30,05h 55m,21:25,3.9,390,42 Seats available
https://www.redbus.in/bus-tickets/delhi-to-chandigarh,Delhi to Chandigarh,HRTC - 585,Ordinary 3+2 Non AC Seater,16:00,05h 20m,21:20,3.9,280,37 Seats available
https://www.redbus.in/bus-tickets/delhi-to-chandigarh,Delhi to Chandigarh,HRTC - 521,Ordinary 3+2 Non AC Seater,16:40,05h 40m,22:20,3.9,265,37 Seats available
https://www.redbus.in/bus-tickets/delhi-to-chandigarh,Delhi to Chandigarh,HRTC - 524,Ordinary 3+2 Non AC Seater,16:45,05h 45m,22:30,3.9,285,37 Seats available
https://www.redbus.in/bus-tickets/delhi-to-chandigarh,Delhi to Chandigarh,HRTC - 526,Ordinary 3+2 Non AC Seater,17:00,06h 00m,23:00,3.9,285,36 Seats available
https://www.redbus.in/bus-tickets/delhi-to-chandigarh,Delhi to Chandigarh,HRTC - 517,Ordinary 3+2 Non AC Seater,17:35,05h 45m,23:20,3.9,285,37 Seats available
https://www.redbus.in/bus-tickets/delhi-to-chandigarh,Delhi to Chandigarh,HRTC - 586,Ordinary 3+2 Non AC Seater,17:40,04h 50m,22:30,3.9,265,37 Seats available
https://www.redbus.in/bus-tickets/delhi-to-chandigarh,Delhi to Chandigarh,HRTC - 532,Ordinary 3+2 Non AC Seater,17:59,05h 41m,23:40,3.9,270,27 Seats available
https://www.redbus.in/bus-tickets/delhi-to-chandigarh,Delhi to Chandigarh,HRTC - 534,Ordinary 3+2 Non AC Seater,18:05,05h 05m,23:10,3.9,285,37 Seats available
https://www.redbus.in/bus-tickets/delhi-to-chandigarh,Delhi to Chandigarh,HRTC - 593,Himmani Deluxe 2+2 Non AC Seater,18:20,05h 20m,23:40,3.9,320,22 Seats available
https://www.redbus.in/bus-tickets/delhi-to-chandigarh,Delhi to Chandigarh,HRTC - 587,Ordinary 3+2 Non AC Seater,18:25,04h 40m,23:05,3.9,285,33 Seats available
https://www.redbus.in/bus-tickets/delhi-to-chandigarh,Delhi to Chandigarh,HRTC - 537,Ordinary 3+2 Non AC Seater,18:30,05h 31m,00:01,3.9,285,37 Seats available
https://www.redbus.in/bus-tickets/delhi-to-chandigarh,Delhi to Chandigarh,HRTC - 538,Ordinary 3+2 Non AC Seater,18:31,06h 59m,01:30,3.9,280,36 Seats available
https://www.redbus.in/bus-tickets/delhi-to-chandigarh,Delhi to Chandigarh,HRTC - 529,A/C Executive (2+3),18:40,04h 00m,22:40,3.9,385,44 Seats available
https://www.redbus.in/bus-tickets/delhi-to-chandigarh,Delhi to Chandigarh,HRTC - 590,A/C Executive (2+3),19:00,05h 10m,00:10,3.9,390,41 Seats available
https://www.redbus.in/bus-tickets/delhi-to-chandigarh,Delhi to Chandigarh,HRTC - 541,Ordinary 3+2 Non AC Seater,19:14,05h 16m,00:30,3.9,285,37 Seats available
https://www.redbus.in/bus-tickets/delhi-to-chandigarh,Delhi to Chandigarh,HRTC - 549,A/C Executive (2+3),19:25,05h 15m,00:40,3.9,380,37 Seats available
https://www.redbus.in/bus-tickets/delhi-to-chandigarh,Delhi to Chandigarh,HRTC - 545,Ordinary 3+2 Non AC Seater,19:32,04h 48m,00:20,3.9,270,37 Seats available
https://www.redbus.in/bus-tickets/delhi-to-chandigarh,Delhi to Chandigarh,HRTC - 93,Himsuta AC Seater Volvo/Scania 2+2,19:35,05h 25m,01:00,3.9,523,26 Seats available
https://www.redbus.in/bus-tickets/delhi-to-chandigarh,Delhi to Chandigarh,HRTC - 301,Ordinary 3+2 Non AC Seater,19:43,04h 37m,00:20,3.9,280,27 Seats available
https://www.redbus.in/bus-tickets/delhi-to-chandigarh,Delhi to Chandigarh,HRTC - 553,Ordinary 3+2 Non AC Seater,19:50,05h 20m,01:10,3.9,285,24 Seats available
https://www.redbus.in/bus-tickets/delhi-to-chandigarh,Delhi to Chandigarh,HRTC - 14,Himsuta AC Seater Volvo/Scania 2+2,20:10,05h 10m,01:20,3.9,528,16 Seats available
https://www.redbus.in/bus-tickets/delhi-to-chandigarh,Delhi to Chandigarh,HRTC - 556,Ordinary 3+2 Non AC Seater,20:10,05h 20m,01:30,3.9,285,27 Seats available
https://www.redbus.in/bus-tickets/delhi-to-chandigarh,Delhi to Chandigarh,HRTC - 84,Himsuta AC Seater Volvo/Scania 2+2,20:15,05h 05m,01:20,3.9,523,18 Seats available
https://www.redbus.in/bus-tickets/delhi-to-chandigarh,Delhi to Chandigarh,HRTC - 557,Ordinary 3+2 Non AC Seater,20:15,05h 15m,01:30,3.9,285,37 Seats available
https://www.redbus.in/bus-tickets/delhi-to-chandigarh,Delhi to Chandigarh,HRTC - 547,A/C Executive (2+3),20:16,05h 09m,01:25,3.9,390,40 Seats available
https://www.redbus.in/bus-tickets/delhi-to-chandigarh,Delhi to Chandigarh,HRTC - 597,Himsuta AC Seater Volvo/Scania 2+2,20:35,05h 05m,01:40,3.9,523,34 Seats available
https://www.redbus.in/bus-tickets/delhi-to-chandigarh,Delhi to Chandigarh,HRTC - 98,Himsuta AC Seater Volvo/Scania 2+2,20:42,05h 38m,02:20,3.9,523,34 Seats available
https://www.redbus.in/bus-tickets/delhi-to-chandigarh,Delhi to Chandigarh,HRTC - 563,Ordinary 3+2 Non AC Seater,20:50,05h 25m,02:15,3.9,270,37 Seats available
https://www.redbus.in/bus-tickets/delhi-to-chandigarh,Delhi to Chandigarh,HRTC - 591,A/C Executive (2+3),21:00,06h 00m,03:00,3.9,390,42 Seats available
https://www.redbus.in/bus-tickets/delhi-to-chandigarh,Delhi to Chandigarh,HRTC - 8,Himsuta AC Seater Volvo/Scania 2+2,21:02,04h 58m,02:00,3.9,523,29 Seats available
https://www.redbus.in/bus-tickets/delhi-to-chandigarh,Delhi to Chandigarh,HRTC - 567,Himsuta AC Seater Volvo/Scania 2+2,21:03,05h 27m,02:30,3.9,513,34 Seats available
https://www.redbus.in/bus-tickets/delhi-to-chandigarh,Delhi to Chandigarh,HRTC - 574,Ordinary 3+2 Non AC Seater,21:14,04h 36m,01:50,3.9,270,35 Seats available
https://www.redbus.in/bus-tickets/delhi-to-chandigarh,Delhi to Chandigarh,HRTC - 214002,Himsuta AC Seater Volvo/Scania 2+2,21:27,04h 43m,02:10,3.9,523,34 Seats available
https://www.redbus.in/bus-tickets/delhi-to-chandigarh,Delhi to Chandigarh,HRTC - 568,Ordinary 3+2 Non AC Seater,21:30,06h 40m,04:10,3.9,285,39 Seats available
https://www.redbus.in/bus-tickets/delhi-to-chandigarh,Delhi to Chandigarh,HRTC - 571,Ordinary 3+2 Non AC Seater,21:40,04h 50m,02:30,3.9,280,33 Seats available
https://www.redbus.in/bus-tickets/delhi-to-chandigarh,Delhi to Chandigarh,HRTC - 577,A/C Executive (2+3),21:40,05h 00m,02:40,5.0,390,44 Seats available
https://www.redbus.in/bus-tickets/delhi-to-chandigarh,Delhi to Chandigarh,HRTC - 600,Himsuta AC Seater Volvo/Scania 2+2,21:50,06h 10m,04:00,3.9,513,23 Seats available
https://www.redbus.in/bus-tickets/delhi-to-chandigarh,Delhi to Chandigarh,HRTC - 82,Himsuta AC Seater Volvo/Scania 2+2,21:55,05h 05m,03:00,3.9,523,33 Seats available
https://www.redbus.in/bus-tickets/delhi-to-chandigarh,Delhi to Chandigarh,HRTC - 518,Ordinary 3+2 Non AC Seater,21:58,04h 52m,02:50,3.9,285,27 Seats available
https://www.redbus.in/bus-tickets/delhi-to-chandigarh,Delhi to Chandigarh,HRTC - 9,Himsuta AC Seater Volvo/Scania 2+2,22:00,05h 00m,03:00,3.9,523,23 Seats available
https://www.redbus.in/bus-tickets/delhi-to-chandigarh,Delhi to Chandigarh,HRTC - 583,Ordinary 3+2 Non AC Seater,22:02,05h 38m,03:40,3.9,270,35 Seats available
https://www.redbus.in/bus-tickets/delhi-to-chandigarh,Delhi to Chandigarh,HRTC - 578,Ordinary 3+2 Non AC Seater,22:10,05h 30m,03:40,2.0,285,37 Seats available
https://www.redbus.in/bus-tickets/delhi-to-chandigarh,Delhi to Chandigarh,HRTC - 77,Himsuta AC Seater Volvo/Scania 2+2,22:15,04h 40m,02:55,3.9,523,34 Seats available
https://www.redbus.in/bus-tickets/delhi-to-chandigarh,Delhi to Chandigarh,HRTC - 579,Ordinary 3+2 Non AC Seater,22:30,04h 30m,03:00,3.9,280,27 Seats available
https://www.redbus.in/bus-tickets/delhi-to-chandigarh,Delhi to Chandigarh,HRTC - 580,Ordinary 3+2 Non AC Seater,22:45,05h 05m,03:50,3.9,285,37 Seats available
https://www.redbus.in/bus-tickets/delhi-to-chandigarh,Delhi to Chandigarh,HRTC - 22,Himsuta AC Seater Volvo/Scania 2+2,23:00,05h 30m,04:30,3.9,523,18 Seats available
https://www.redbus.in/bus-tickets/delhi-to-chandigarh,Delhi to Chandigarh,HRTC - 582,Ordinary 3+2 Non AC Seater,23:05,05h 35m,04:40,3.7,280,37 Seats available
https://www.redbus.in/bus-tickets/delhi-to-chandigarh,Delhi to Chandigarh,HRTC - 576,Himsuta AC Seater Volvo/Scania 2+2,23:20,04h 50m,04:10,3.9,523,33 Seats available
https://www.redbus.in/bus-tickets/delhi-to-chandigarh,Delhi to Chandigarh,HRTC - 581,Ordinary 3+2 Non AC Seater,23:30,03h 10m,02:40,3.9,270,32 Seats available
https://www.redbus.in/bus-tickets/delhi-to-chandigarh,Delhi to Chandigarh,HRTC - 564,Ordinary 3+2 Non AC Seater,23:40,06h 00m,05:40,4.5,285,37 Seats available
https://www.redbus.in/bus-tickets/delhi-to-chandigarh,Delhi to Chandigarh,HRTC - 60,Himsuta AC Seater Volvo/Scania 2+2,23:40,04h 40m,04:20,3.9,523,34 Seats available
https://www.redbus.in/bus-tickets/delhi-to-chandigarh,Delhi to Chandigarh,FlixBus,A/C Seater (2+2),00:10,04h 25m,04:35,4.0,387,28 Seats available
https://www.redbus.in/bus-tickets/delhi-to-chandigarh,Delhi to Chandigarh,NueGo,Electric A/C Seater (2+2),00:20,04h 45m,05:05,3.4,428,2 Seats available
https://www.redbus.in/bus-tickets/delhi-to-chandigarh,Delhi to Chandigarh,NueGo,Electric A/C Seater (2+2),00:30,05h 35m,06:05,4.1,409,33 Seats available
https://www.redbus.in/bus-tickets/delhi-to-chandigarh,Delhi to Chandigarh,GK Travels,A/C Seater/Sleeper (2+1),04:30,05h 30m,10:00,3.6,1499,7 Seats available
https://www.redbus.in/bus-tickets/delhi-to-chandigarh,Delhi to Chandigarh,NueGo,Electric A/C Seater (2+2),06:00,05h 15m,11:15,4.2,409,33 Seats available
https://www.redbus.in/bus-tickets/delhi-to-chandigarh,Delhi to Chandigarh,NueGo,Electric A/C Seater (2+2),06:45,04h 40m,11:25,3.9,428,25 Seats available
https://www.redbus.in/bus-tickets/delhi-to-chandigarh,Delhi to Chandigarh,City Land Travels,Volvo A/C Semi Sleeper (2+2),17:00,06h 00m,23:00,3.1,529,30 Seats available
https://www.redbus.in/bus-tickets/delhi-to-chandigarh,Delhi to Chandigarh,AdCity Land Travels,Volvo A/C Semi Sleeper (2+2),09:40,05h 20m,15:00,4.7,488,29 Seats available
https://www.redbus.in/bus-tickets/delhi-to-chandigarh,Delhi to Chandigarh,NueGo,Electric A/C Seater (2+2),07:00,05h 15m,12:15,4.1,425,34 Seats available
https://www.redbus.in/bus-tickets/delhi-to-chandigarh,Delhi to Chandigarh,FlixBus,A/C Seater (2+2),07:00,04h 30m,11:30,4.0,364,37 Seats available
https://www.redbus.in/bus-tickets/delhi-to-chandigarh,Delhi to Chandigarh,Khurana Bus Service,Volvo A/C (2+2),09:10,06h 25m,15:35,3.3,382,34 Seats available
https://www.redbus.in/bus-tickets/delhi-to-chandigarh,Delhi to Chandigarh,Khurana Bus Service,Volvo A/C (2+2),08:00,06h 20m,14:20,4.0,449,28 Seats available
https://www.redbus.in/bus-tickets/delhi-to-chandigarh,Delhi to Chandigarh,NueGo,Electric A/C Seater (2+2),08:00,04h 55m,12:55,3.6,425,27 Seats available
https://www.redbus.in/bus-tickets/delhi-to-chandigarh,Delhi to Chandigarh,NueGo,Electric A/C Seater (2+2),09:00,05h 25m,14:25,4.0,409,30 Seats available
https://www.redbus.in/bus-tickets/delhi-to-chandigarh,Delhi to Chandigarh,Khurana Bus Service,Volvo A/C (2+2),08:00,06h 25m,14:25,3.3,382,30 Seats available
https://www.redbus.in/bus-tickets/yamuna-nagar-to-chandigarh,Yamuna Nagar to Chandigarh,SHRI KRISHNA TRAVELS (JAI SHREE GANESH YATRA CO.),VE A/C Seater / Sleeper (2+1),20:40,02h 50m,23:30,3.7,750,15 Seats available
https://www.redbus.in/bus-tickets/yamuna-nagar-to-chandigarh,Yamuna Nagar to Chandigarh,City Land Travels,A/C Seater/Sleeper (2+1),22:20,02h 00m,00:20,3.6,540,30 Seats available
https://www.redbus.in/bus-tickets/yamuna-nagar-to-chandigarh,Yamuna Nagar to Chandigarh,Vijay Tour and Travels,Bharat Benz A/C Seater /Sleeper (2+1),01:10,02h 20m,03:30,3.5,647,38 Seats available
https://www.redbus.in/bus-tickets/yamuna-nagar-to-chandigarh,Yamuna Nagar to Chandigarh,Zimindara Travels,AC Sleeper (2+1),20:30,02h 00m,22:30,4.0,699,36 Seats available
https://www.redbus.in/bus-tickets/yamuna-nagar-to-chandigarh,Yamuna Nagar to Chandigarh,City Land Travels,A/C Seater/Sleeper (2+1),20:30,02h 45m,23:15,3.6,540,32 Seats available
https://www.redbus.in/bus-tickets/yamuna-nagar-to-chandigarh,Yamuna Nagar to Chandigarh,Vijay Tour and Travels,Bharat Benz A/C Seater /Sleeper (2+1),21:00,02h 30m,23:30,3.5,569,38 Seats available
https://www.redbus.in/bus-tickets/yamuna-nagar-to-chandigarh,Yamuna Nagar to Chandigarh,Vijay Tour and Travels,Bharat Benz A/C Seater /Sleeper (2+1),03:10,02h 20m,05:30,3.5,647,38 Seats available
https://www.redbus.in/bus-tickets/yamuna-nagar-to-chandigarh,Yamuna Nagar to Chandigarh,Om Sidh Express,Volvo A/C (2+2),19:50,02h 10m,22:00,3.4,361,45 Seats available
https://www.redbus.in/bus-tickets/yamuna-nagar-to-chandigarh,Yamuna Nagar to Chandigarh,Golden Temple Volvo Bus Service,A/C Seater / Sleeper (2+1),00:55,01h 05m,02:00,3.1,886,44 Seats available
https://www.redbus.in/bus-tickets/yamuna-nagar-to-chandigarh,Yamuna Nagar to Chandigarh,Golden Temple Volvo Bus Service,A/C Seater / Sleeper (2+1),00:55,01h 58m,02:53,3.1,686,38 Seats available
https://www.redbus.in/bus-tickets/chandigarh-to-shimla,Chandigarh to Shimla,HRTC - 1223,Ordinary 3+2 Non AC Seater,01:30,04h 00m,05:30,3.9,242,31 Seats available
https://www.redbus.in/bus-tickets/chandigarh-to-shimla,Chandigarh to Shimla,HRTC - 579,Ordinary 3+2 Non AC Seater,03:00,05h 15m,08:15,3.9,242,27 Seats available
https://www.redbus.in/bus-tickets/chandigarh-to-shimla,Chandigarh to Shimla,HRTC - 373,Ordinary 3+2 Non AC Seater,04:30,04h 30m,09:00,3.5,242,27 Seats available
https://www.redbus.in/bus-tickets/chandigarh-to-shimla,Chandigarh to Shimla,HRTC - 2040084,Ordinary 3+2 Non AC Seater,04:36,03h 54m,08:30,3.9,242,27 Seats available
https://www.redbus.in/bus-tickets/chandigarh-to-shimla,Chandigarh to Shimla,HRTC - 1730,Ordinary 3+2 Non AC Seater,06:12,04h 03m,10:15,3.8,242,27 Seats available
https://www.redbus.in/bus-tickets/chandigarh-to-shimla,Chandigarh to Shimla,HRTC - 2030259,Ordinary 3+2 Non AC Seater,06:24,04h 06m,10:30,3.9,242,37 Seats available
https://www.redbus.in/bus-tickets/chandigarh-to-shimla,Chandigarh to Shimla,HRTC - 1726,Ordinary 3+2 Non AC Seater,06:36,04h 54m,11:30,3.9,249,37 Seats available
https://www.redbus.in/bus-tickets/chandigarh-to-shimla,Chandigarh to Shimla,HRTC - 175,Ordinary 3+2 Non AC Seater,07:48,04h 02m,11:50,3.4,241,27 Seats available
https://www.redbus.in/bus-tickets/chandigarh-to-shimla,Chandigarh to Shimla,HRTC - 395,Ordinary 3+2 Non AC Seater,09:00,04h 15m,13:15,3.9,242,27 Seats available
https://www.redbus.in/bus-tickets/chandigarh-to-shimla,Chandigarh to Shimla,HRTC - 2030256,Ordinary 3+2 Non AC Seater,11:12,04h 38m,15:50,3.9,242,37 Seats available
https://www.redbus.in/bus-tickets/chandigarh-to-shimla,Chandigarh to Shimla,HRTC - 1550,Ordinary 3+2 Non AC Seater,11:36,04h 09m,15:45,3.3,242,37 Seats available
https://www.redbus.in/bus-tickets/chandigarh-to-shimla,Chandigarh to Shimla,HRTC - 146,Ordinary 3+2 Non AC Seater,11:48,04h 12m,16:00,3.9,242,37 Seats available
https://www.redbus.in/bus-tickets/chandigarh-to-shimla,Chandigarh to Shimla,HRTC - 335,Ordinary 3+2 Non AC Seater,11:54,05h 36m,17:30,3.9,242,37 Seats available
https://www.redbus.in/bus-tickets/chandigarh-to-shimla,Chandigarh to Shimla,HRTC - 354,Ordinary 3+2 Non AC Seater,12:30,04h 00m,16:30,3.9,242,27 Seats available
https://www.redbus.in/bus-tickets/chandigarh-to-shimla,Chandigarh to Shimla,HRTC - 1551,Ordinary 3+2 Non AC Seater,12:30,04h 09m,16:39,3.9,242,47 Seats available
https://www.redbus.in/bus-tickets/chandigarh-to-shimla,Chandigarh to Shimla,HRTC - 1552,Ordinary 3+2 Non AC Seater,13:54,04h 09m,18:03,3.9,242,37 Seats available
https://www.redbus.in/bus-tickets/chandigarh-to-shimla,Chandigarh to Shimla,HRTC - 1556,Ordinary 3+2 Non AC Seater,14:48,04h 12m,19:00,3.9,242,37 Seats available
https://www.redbus.in/bus-tickets/chandigarh-to-shimla,Chandigarh to Shimla,HRTC - 126,Ordinary 3+2 Non AC Seater,15:15,04h 30m,19:45,3.9,242,37 Seats available
https://www.redbus.in/bus-tickets/chandigarh-to-shimla,Chandigarh to Shimla,HRTC - 1553,Ordinary 3+2 Non AC Seater,16:40,04h 09m,20:49,3.9,242,47 Seats available
https://www.redbus.in/bus-tickets/chandigarh-to-shimla,Chandigarh to Shimla,HRTC - 2080051,Himmani Deluxe 2+2 Non AC Seater,16:50,04h 30m,21:20,3.9,262,27 Seats available
https://www.redbus.in/bus-tickets/chandigarh-to-shimla,Chandigarh to Shimla,HRTC - 1511,Himmani Deluxe 2+2 Non AC Seater,17:50,04h 30m,22:20,3.9,262,27 Seats available
https://www.redbus.in/bus-tickets/chandigarh-to-shimla,Chandigarh to Shimla,HRTC - 1509,Ordinary 3+2 Non AC Seater,18:00,04h 30m,22:30,3.9,242,29 Seats available
https://www.redbus.in/bus-tickets/chandigarh-to-shimla,Chandigarh to Shimla,HRTC - 63,Himsuta AC Seater Volvo/Scania 2+2,18:10,04h 20m,22:30,2.7,389,33 Seats available
https://www.redbus.in/bus-tickets/chandigarh-to-shimla,Chandigarh to Shimla,HRTC - 515,Ordinary 3+2 Non AC Seater,18:20,04h 30m,22:50,3.9,242,37 Seats available
https://www.redbus.in/bus-tickets/chandigarh-to-shimla,Chandigarh to Shimla,HRTC - 6707,Ordinary 3+2 Non AC Seater,18:30,04h 30m,23:00,3.9,242,37 Seats available
https://www.redbus.in/bus-tickets/chandigarh-to-shimla,Chandigarh to Shimla,HRTC - 1512,Ordinary 3+2 Non AC Seater,19:00,04h 30m,23:30,3.9,240,37 Seats available
https://www.redbus.in/bus-tickets/chandigarh-to-shimla,Chandigarh to Shimla,HRTC - 137,Ordinary 3+2 Non AC Seater,19:30,04h 40m,00:10,3.9,242,37 Seats available
https://www.redbus.in/bus-tickets/chandigarh-to-shimla,Chandigarh to Shimla,HRTC - 1510,Ordinary 3+2 Non AC Seater,20:00,04h 30m,00:30,3.9,240,37 Seats available
https://www.redbus.in/bus-tickets/chandigarh-to-shimla,Chandigarh to Shimla,HRTC - 1729,Ordinary 3+2 Non AC Seater,20:20,05h 10m,01:30,3.9,242,36 Seats available
https://www.redbus.in/bus-tickets/chandigarh-to-shimla,Chandigarh to Shimla,RSRTC - 192344,Super Luxury Volvo AC Seater Pushback 2+2,10:30,03h 30m,14:00,3.2,432,34 Seats available
https://www.redbus.in/bus-tickets/chandigarh-to-shimla,Chandigarh to Shimla,FlixBus,A/C Seater (2+2),04:35,04h 00m,08:35,3.2,121,40 Seats available
https://www.redbus.in/bus-tickets/chandigarh-to-shimla,Chandigarh to Shimla,FlixBus,A/C Seater (2+2),11:30,04h 30m,16:00,4.1,115,40 Seats available
https://www.redbus.in/bus-tickets/chandigarh-to-shimla,Chandigarh to Shimla,Bedi Travels,Volvo A/C Semi Sleeper (2+2 ),03:50,04h 10m,08:00,4.4,477,5 Seats available
https://www.redbus.in/bus-tickets/chandigarh-to-shimla,Chandigarh to Shimla,Zingbus Plus,Bharat Benz A/C Semi Sleeper (2+2),04:15,03h 55m,08:10,4.6,271,19 Seats available
https://www.redbus.in/bus-tickets/chandigarh-to-shimla,Chandigarh to Shimla,Laxmi holidays,Scania Multi-Axle AC Semi Sleeper (2+2),04:30,03h 30m,08:00,4.3,399,46 Seats available
https://www.redbus.in/bus-tickets/chandigarh-to-shimla,Chandigarh to Shimla,Laxmi holidays,Volvo A/C Semi Sleeper (2+2),04:30,03h 15m,07:45,4.1,399,16 Seats available
https://www.redbus.in/bus-tickets/chandigarh-to-shimla,Chandigarh to Shimla,Laxmi holidays,Scania Multi-Axle AC Semi Sleeper (2+2),04:35,03h 25m,08:00,4.0,399,47 Seats available
https://www.redbus.in/bus-tickets/chandigarh-to-shimla,Chandigarh to Shimla,Laxmi holidays,Volvo A/C Semi Sleeper (2+2),04:40,03h 05m,07:45,4.8,499,22 Seats available
https://www.redbus.in/bus-tickets/chandigarh-to-shimla,Chandigarh to Shimla,City Land Travels,Volvo A/C Semi Sleeper (2+2),15:00,04h 30m,19:30,4.1,488,29 Seats available
https://www.redbus.in/bus-tickets/chandigarh-to-shimla,Chandigarh to Shimla,City Land Travels,Volvo A/C Semi Sleeper (2+2),14:45,04h 20m,19:05,3.8,500,23 Seats available
https://www.redbus.in/bus-tickets/chandigarh-to-shimla,Chandigarh to Shimla,City Land Travels,Volvo A/C Semi Sleeper (2+2),02:45,03h 15m,06:00,2.6,450,12 Seats available
https://www.redbus.in/bus-tickets/chandigarh-to-shimla,Chandigarh to Shimla,City Land Travels,Volvo A/C Semi Sleeper (2+2),03:00,03h 00m,06:00,2.9,450,12 Seats available
https://www.redbus.in/bus-tickets/chandigarh-to-yamuna-nagar,Chandigarh to Yamuna Nagar,Chandigarh Transport Undertaking (CTU) - 165749,HVAC Seater (2+3),08:50,02h 45m,11:35,4.4,185.72,44 Seats available
https://www.redbus.in/bus-tickets/chandigarh-to-yamuna-nagar,Chandigarh to Yamuna Nagar,Chandigarh Transport Undertaking (CTU) - 165751,HVAC Seater (2+3),10:50,02h 45m,13:35,3.9,185.72,47 Seats available
https://www.redbus.in/bus-tickets/chandigarh-to-yamuna-nagar,Chandigarh to Yamuna Nagar,Chandigarh Transport Undertaking (CTU) - 165753,HVAC Seater (2+3),15:40,02h 45m,18:25,3.6,185.72,47 Seats available
https://www.redbus.in/bus-tickets/chandigarh-to-yamuna-nagar,Chandigarh to Yamuna Nagar,Vijay Tour and Travels,Bharat Benz A/C Seater /Sleeper (2+1),21:30,02h 20m,23:50,3.5,474,27 Seats available
https://www.redbus.in/bus-tickets/chandigarh-to-yamuna-nagar,Chandigarh to Yamuna Nagar,Vijay Tour and Travels,Bharat Benz A/C Seater /Sleeper (2+1),23:30,02h 30m,02:00,3.5,474,38 Seats available
https://www.redbus.in/bus-tickets/chandigarh-to-yamuna-nagar,Chandigarh to Yamuna Nagar,Golden Temple Volvo Bus Service,A/C Seater / Sleeper (2+1),23:59,03h 34m,03:33,3.1,886,39 Seats available
https://www.redbus.in/bus-tickets/chandigarh-to-yamuna-nagar,Chandigarh to Yamuna Nagar,SHRI KRISHNA TRAVELS (JAI SHREE GANESH YATRA CO.),VE A/C Seater / Sleeper (2+1),23:30,02h 30m,02:00,3.7,1299,27 Seats available
https://www.redbus.in/bus-tickets/chandigarh-to-yamuna-nagar,Chandigarh to Yamuna Nagar,Om Sidh Express,Volvo A/C Semi Sleeper (2+2),17:30,01h 50m,19:20,3.4,361,32 Seats available
https://www.redbus.in/bus-tickets/chandigarh-to-sujanpur,Chandigarh to Sujanpur (himachal pradesh),HRTC - 82,Himsuta AC Seater Volvo/Scania 2+2,03:00,05h 15m,08:15,3.9,682,30 Seats available
https://www.redbus.in/bus-tickets/chandigarh-to-sujanpur,Chandigarh to Sujanpur (himachal pradesh),HRTC - 1268,Ordinary 3+2 Non AC Seater,04:50,06h 50m,11:40,3.9,392,37 Seats available
https://www.redbus.in/bus-tickets/chandigarh-to-sujanpur,Chandigarh to Sujanpur (himachal pradesh),HRTC - 6748,Ordinary 3+2 Non AC Seater,14:05,06h 25m,20:30,3.9,333,37 Seats available
https://www.redbus.in/bus-tickets/chandigarh-to-sujanpur,Chandigarh to Sujanpur (himachal pradesh),HRTC - 1548,Ordinary 3+2 Non AC Seater,14:20,06h 25m,20:45,3.9,362,37 Seats available
https://www.redbus.in/bus-tickets/chandigarh-to-sujanpur,Chandigarh to Sujanpur (himachal pradesh),HRTC - 1528,Ordinary 3+2 Non AC Seater,18:40,05h 50m,00:30,3.9,356,35 Seats available
https://www.redbus.in/bus-tickets/chandigarh-to-sujanpur,Chandigarh to Sujanpur (himachal pradesh),HRTC - 1537,Ordinary 3+2 Non AC Seater,21:00,06h 30m,03:30,3.9,354,27 Seats available
https://www.redbus.in/bus-tickets/chandigarh-to-sujanpur,Chandigarh to Sujanpur (himachal pradesh),Chandigarh Transport Undertaking (CTU) - 165836,HVAC Seater (2+3),06:24,06h 30m,12:54,4.1,452.39,42 Seats available
https://www.redbus.in/bus-tickets/chandigarh-to-sujanpur,Chandigarh to Sujanpur (himachal pradesh),Laxmi holidays,Volvo A/C Semi Sleeper (2+2),02:00,04h 45m,06:45,4.8,499,12 Seats available
https://www.redbus.in/bus-tickets/ludhiana-to-chandigarh,Ludhiana to Chandigarh,Orbit Aviation Pvt. Ltd.,A/C Seater (2+2),01:30,02h 00m,03:30,3.7,280,35 Seats available
https://www.redbus.in/bus-tickets/ludhiana-to-chandigarh,Ludhiana to Chandigarh,Orbit Aviation Pvt. Ltd.,A/C Seater (2+2),07:05,02h 00m,09:05,4.2,280,23 Seats available
https://www.redbus.in/bus-tickets/ludhiana-to-chandigarh,Ludhiana to Chandigarh,Jujhar Travels,Volvo A/C Semi Sleeper (2+2),07:25,01h 50m,09:15,4.0,280,40 Seats available
https://www.redbus.in/bus-tickets/ludhiana-to-chandigarh,Ludhiana to Chandigarh,Jujhar Travels,Volvo A/C Semi Sleeper (2+2),08:10,01h 45m,09:55,4.3,280,40 Seats available
https://www.redbus.in/bus-tickets/ludhiana-to-chandigarh,Ludhiana to Chandigarh,Jujhar Travels,Mercedes A/C Seater (2+2),08:20,02h 05m,10:25,3.2,280,34 Seats available
https://www.redbus.in/bus-tickets/ludhiana-to-chandigarh,Ludhiana to Chandigarh,Orbit Aviation Pvt. Ltd.,A/C Seater (2+2),08:28,01h 47m,10:15,3.0,200,49 Seats available
https://www.redbus.in/bus-tickets/ludhiana-to-chandigarh,Ludhiana to Chandigarh,Jujhar Travels,Volvo A/C Semi Sleeper (2+2),08:55,01h 45m,10:40,4.0,280,43 Seats available
https://www.redbus.in/bus-tickets/ludhiana-to-chandigarh,Ludhiana to Chandigarh,Jujhar Travels,Volvo A/C Semi Sleeper (2+2),09:20,01h 50m,11:10,5.0,280,45 Seats available
https://www.redbus.in/bus-tickets/ludhiana-to-chandigarh,Ludhiana to Chandigarh,Jujhar Travels,Volvo A/C Semi Sleeper (2+2),09:40,01h 50m,11:30,4.7,280,44 Seats available
https://www.redbus.in/bus-tickets/ludhiana-to-chandigarh,Ludhiana to Chandigarh,Jujhar Travels,Volvo A/C Semi Sleeper (2+2),10:10,01h 50m,12:00,3.3,280,40 Seats available
https://www.redbus.in/bus-tickets/ludhiana-to-chandigarh,Ludhiana to Chandigarh,Orbit Aviation Pvt. Ltd.,A/C Seater (2+2),11:00,01h 50m,12:50,3.5,280,43 Seats available
https://www.redbus.in/bus-tickets/ludhiana-to-chandigarh,Ludhiana to Chandigarh,Jujhar Travels,Mercedes Benz A/C (2+2),13:10,02h 05m,15:15,4.8,280,48 Seats available
https://www.redbus.in/bus-tickets/ludhiana-to-chandigarh,Ludhiana to Chandigarh,Jujhar Travels,Volvo A/C Semi Sleeper (2+2),14:00,02h 00m,16:00,4.2,280,41 Seats available
https://www.redbus.in/bus-tickets/ludhiana-to-chandigarh,Ludhiana to Chandigarh,Jujhar Travels,Volvo A/C Semi Sleeper (2+2),14:25,01h 45m,16:10,3.3,280,45 Seats available
https://www.redbus.in/bus-tickets/ludhiana-to-chandigarh,Ludhiana to Chandigarh,Jujhar Travels,Volvo A/C Semi Sleeper (2+2),15:25,02h 00m,17:25,3.9,280,41 Seats available
https://www.redbus.in/bus-tickets/ludhiana-to-chandigarh,Ludhiana to Chandigarh,Jujhar Travels,Mercedes A/C Seater (2+2),17:20,02h 10m,19:30,4.5,280,52 Seats available
https://www.redbus.in/bus-tickets/ludhiana-to-chandigarh,Ludhiana to Chandigarh,Jujhar Travels,Mercedes Benz A/C (2+2),18:50,02h 00m,20:50,3.4,280,49 Seats available
https://www.redbus.in/bus-tickets/ludhiana-to-chandigarh,Ludhiana to Chandigarh,Jujhar Travels,Mercedes A/C Seater (2+2),07:35,01h 55m,09:30,1.7,280,45 Seats available
https://www.redbus.in/bus-tickets/ludhiana-to-chandigarh,Ludhiana to Chandigarh,Jujhar Travels,Mercedes A/C Seater (2+2),18:00,01h 30m,19:30,2.9,280,41 Seats available
https://www.redbus.in/bus-tickets/ludhiana-to-chandigarh,Ludhiana to Chandigarh,New Khaira TPT,AC Sleeper (2+1),12:30,02h 15m,14:45,3.1,1350,24 Seats available
https://www.redbus.in/bus-tickets/ludhiana-to-chandigarh,Ludhiana to Chandigarh,Orbit Aviation Pvt. Ltd.,Mercedes Multi-Axle Semi Sleeper (2+2),18:15,01h 25m,19:40,3.7,1000,53 Seats available
https://www.redbus.in/bus-tickets/ludhiana-to-chandigarh,Ludhiana to Chandigarh,Orbit Aviation Pvt. Ltd.,Mercedes Multi-Axle Semi Sleeper (2+2),18:15,01h 30m,19:45,3.7,1000,53 Seats available
https://www.redbus.in/bus-tickets/ludhiana-to-chandigarh,Ludhiana to Chandigarh,Orbit Aviation Pvt. Ltd.,Mercedes Multi-Axle Semi Sleeper (2+2),18:15,02h 10m,20:25,3.7,1000,53 Seats available
https://www.redbus.in/bus-tickets/ludhiana-to-chandigarh,Ludhiana to Chandigarh,Vijay Tour and Travels,Bharat Benz A/C Seater /Sleeper (2+1),19:00,02h 30m,21:30,3.5,475,38 Seats available
https://www.redbus.in/bus-tickets/ludhiana-to-chandigarh,Ludhiana to Chandigarh,Orbit Aviation Pvt. Ltd.,Mercedes Multi-Axle Semi Sleeper (2+2),20:10,01h 50m,22:00,3.7,1300,53 Seats available
https://www.redbus.in/bus-tickets/ludhiana-to-chandigarh,Ludhiana to Chandigarh,Orbit Aviation Pvt. Ltd.,Mercedes Multi-Axle Semi Sleeper (2+2),20:10,02h 30m,22:40,3.7,1100,53 Seats available
https://www.redbus.in/bus-tickets/ludhiana-to-chandigarh,Ludhiana to Chandigarh,Orbit Aviation Pvt. Ltd.,Mercedes Multi-Axle Semi Sleeper (2+2),20:10,02h 30m,22:40,3.7,1300,53 Seats available
https://www.redbus.in/bus-tickets/ludhiana-to-chandigarh,Ludhiana to Chandigarh,Orbit Aviation Pvt. Ltd.,Mercedes Multi-Axle Semi Sleeper (2+2),20:10,02h 00m,22:10,3.7,1300,53 Seats available
https://www.redbus.in/bus-tickets/ludhiana-to-chandigarh,Ludhiana to Chandigarh,Orbit Aviation Pvt. Ltd.,Mercedes Multi-Axle Semi Sleeper (2+2),20:10,01h 50m,22:00,3.7,1100,53 Seats available
https://www.redbus.in/bus-tickets/ludhiana-to-chandigarh,Ludhiana to Chandigarh,Orbit Aviation Pvt. Ltd.,Mercedes Multi-Axle Semi Sleeper (2+2),20:10,01h 50m,22:00,3.7,1300,53 Seats available
https://www.redbus.in/bus-tickets/ludhiana-to-chandigarh,Ludhiana to Chandigarh,Orbit Aviation Pvt. Ltd.,Mercedes Multi-Axle Semi Sleeper (2+2),20:10,02h 00m,22:10,3.7,1100,53 Seats available
https://www.redbus.in/bus-tickets/ludhiana-to-chandigarh,Ludhiana to Chandigarh,Orbit Aviation Pvt. Ltd.,Mercedes Multi-Axle Semi Sleeper (2+2),20:10,02h 50m,23:00,3.7,1300,53 Seats available
https://www.redbus.in/bus-tickets/ludhiana-to-chandigarh,Ludhiana to Chandigarh,Orbit Aviation Pvt. Ltd.,Mercedes Multi-Axle Semi Sleeper (2+2),20:10,02h 00m,22:10,3.7,1300,53 Seats available
https://www.redbus.in/bus-tickets/ludhiana-to-chandigarh,Ludhiana to Chandigarh,Vijay Tour and Travels,Bharat Benz A/C Seater /Sleeper (2+1),21:00,03h 20m,00:20,3.3,569,38 Seats available
https://www.redbus.in/bus-tickets/ludhiana-to-chandigarh,Ludhiana to Chandigarh,SHRI KRISHNA TRAVELS (JAI SHREE GANESH YATRA CO.),VE A/C Seater / Sleeper (2+1),21:30,02h 00m,23:30,3.7,1299,29 Seats available
https://www.redbus.in/bus-tickets/ludhiana-to-chandigarh,Ludhiana to Chandigarh,Abtc Tour and Travels,Bharat Benz A/C Semi Sleeper (2+2),23:05,01h 15m,00:20,3.3,799,31 Seats available
https://www.redbus.in/bus-tickets/ludhiana-to-chandigarh,Ludhiana to Chandigarh,Abtc Tour and Travels,Bharat Benz A/C Semi Sleeper (2+2),23:05,00h 52m,23:57,3.3,799,31 Seats available
https://www.redbus.in/bus-tickets/ludhiana-to-chandigarh,Ludhiana to Chandigarh,Everest Holidays,Volvo A/C Semi Sleeper (2+2),23:15,00h 44m,23:59,3.4,815,33 Seats available
https://www.redbus.in/bus-tickets/ludhiana-to-chandigarh,Ludhiana to Chandigarh,Everest Holidays,Volvo A/C Semi Sleeper (2+2),23:20,00h 35m,23:55,3.4,747,30 Seats available
https://www.redbus.in/bus-tickets/ludhiana-to-chandigarh,Ludhiana to Chandigarh,Golden Temple Volvo Bus Service,A/C Seater / Sleeper (2+1),23:40,01h 30m,01:10,3.1,886,39 Seats available
https://www.redbus.in/bus-tickets/ludhiana-to-chandigarh,Ludhiana to Chandigarh,Golden Temple Volvo Bus Service,A/C Seater / Sleeper (2+1),23:40,00h 19m,23:59,3.1,886,39 Seats available
https://www.redbus.in/bus-tickets/ludhiana-to-chandigarh,Ludhiana to Chandigarh,Muskan Tour And Travels private Limited,Volvo Multi-Axle I-Shift B11R Semi Sleeper (2+2),23:44,01h 31m,01:15,4.3,600,48 Seats available
https://www.redbus.in/bus-tickets/ludhiana-to-chandigarh,Ludhiana to Chandigarh,Laxmi holidays,VE A/C Sleeper (2+1),23:55,02h 20m,02:15,4.6,570,31 Seats available
https://www.redbus.in/bus-tickets/ludhiana-to-chandigarh,Ludhiana to Chandigarh,Golden Temple Express Volvo,Volvo Multi-Axle A/C Semi Sleeper (2+2),23:58,01h 27m,01:25,3.7,599,37 Seats available
https://www.redbus.in/bus-tickets/ludhiana-to-chandigarh,Ludhiana to Chandigarh,Golden Temple Express Volvo,Volvo Multi-Axle A/C Semi Sleeper (2+2),23:58,01h 32m,01:30,3.7,599,25 Seats available
https://www.redbus.in/bus-tickets/ludhiana-to-chandigarh,Ludhiana to Chandigarh,Muskan Tour And Travels private Limited,Volvo Multi-Axle I-Shift B11R Semi Sleeper (2+2),23:59,01h 31m,01:30,4.3,554,45 Seats available
https://www.redbus.in/bus-tickets/ludhiana-to-chandigarh,Ludhiana to Chandigarh,Vaishnoyatra services pvt ltd,A/C Seater / Sleeper (2+2),23:30,02h 30m,02:00,2.9,450,50 Seats available
https://www.redbus.in/bus-tickets/hamirpur-himachal-pradesh-to-chandigarh,Hamirpur (Himachal Pradesh) to Chandigarh,HRTC - 6651,Ordinary 3+2 Non AC Seater,04:05,05h 15m,09:20,3.9,297,47 Seats available
https://www.redbus.in/bus-tickets/hamirpur-himachal-pradesh-to-chandigarh,Hamirpur (Himachal Pradesh) to Chandigarh,HRTC - 649,A/C Executive (2+3),04:45,03h 45m,08:30,4.7,315,25 Seats available
https://www.redbus.in/bus-tickets/hamirpur-himachal-pradesh-to-chandigarh,Hamirpur (Himachal Pradesh) to Chandigarh,HRTC - 654,A/C Executive (2+3),05:20,04h 40m,10:00,4.5,369,44 Seats available
https://www.redbus.in/bus-tickets/hamirpur-himachal-pradesh-to-chandigarh,Hamirpur (Himachal Pradesh) to Chandigarh,HRTC - 616,A/C Executive (2+3),06:00,03h 50m,09:50,4.4,315,32 Seats available
https://www.redbus.in/bus-tickets/hamirpur-himachal-pradesh-to-chandigarh,Hamirpur (Himachal Pradesh) to Chandigarh,HRTC - 652,Ordinary 3+2 Non AC Seater,06:20,06h 40m,13:00,3.9,348,27 Seats available
https://www.redbus.in/bus-tickets/hamirpur-himachal-pradesh-to-chandigarh,Hamirpur (Himachal Pradesh) to Chandigarh,HRTC - 401269,Ordinary 3+2 Non AC Seater,06:30,04h 00m,10:30,3.8,295,34 Seats available
https://www.redbus.in/bus-tickets/hamirpur-himachal-pradesh-to-chandigarh,Hamirpur (Himachal Pradesh) to Chandigarh,HRTC - 624,Ordinary 3+2 Non AC Seater,06:45,05h 05m,11:50,3.9,309,26 Seats available
https://www.redbus.in/bus-tickets/hamirpur-himachal-pradesh-to-chandigarh,Hamirpur (Himachal Pradesh) to Chandigarh,HRTC - 617,Ordinary 3+2 Non AC Seater,07:30,06h 35m,14:05,3.9,339,39 Seats available
https://www.redbus.in/bus-tickets/hamirpur-himachal-pradesh-to-chandigarh,Hamirpur (Himachal Pradesh) to Chandigarh,HRTC - 641,Ordinary 3+2 Non AC Seater,08:20,04h 00m,12:20,4.4,295,22 Seats available
https://www.redbus.in/bus-tickets/hamirpur-himachal-pradesh-to-chandigarh,Hamirpur (Himachal Pradesh) to Chandigarh,HRTC - 618,Ordinary 3+2 Non AC Seater,09:00,06h 20m,15:20,4.3,339,37 Seats available
https://www.redbus.in/bus-tickets/hamirpur-himachal-pradesh-to-chandigarh,Hamirpur (Himachal Pradesh) to Chandigarh,HRTC - 164,Himsuta AC Seater Volvo/Scania 2+2,09:30,04h 30m,14:00,4.3,500,12 Seats available
https://www.redbus.in/bus-tickets/hamirpur-himachal-pradesh-to-chandigarh,Hamirpur (Himachal Pradesh) to Chandigarh,HRTC - 620,Ordinary 3+2 Non AC Seater,15:10,05h 30m,20:40,4.1,339,37 Seats available
https://www.redbus.in/bus-tickets/hamirpur-himachal-pradesh-to-chandigarh,Hamirpur (Himachal Pradesh) to Chandigarh,HRTC - 401270,Ordinary 3+2 Non AC Seater,17:05,04h 00m,21:05,3.6,295,32 Seats available
https://www.redbus.in/bus-tickets/hamirpur-himachal-pradesh-to-chandigarh,Hamirpur (Himachal Pradesh) to Chandigarh,HRTC - 602,Ordinary 3+2 Non AC Seater,17:20,05h 50m,23:10,3.9,314,37 Seats available
https://www.redbus.in/bus-tickets/hamirpur-himachal-pradesh-to-chandigarh,Hamirpur (Himachal Pradesh) to Chandigarh,HRTC - 955,Ordinary 3+2 Non AC Seater,17:40,06h 15m,23:55,3.9,309,37 Seats available
https://www.redbus.in/bus-tickets/hamirpur-himachal-pradesh-to-chandigarh,Hamirpur (Himachal Pradesh) to Chandigarh,HRTC - 601,Himmani Deluxe 2+2 Non AC Seater,18:30,04h 37m,23:07,3.9,323,26 Seats available
https://www.redbus.in/bus-tickets/hamirpur-himachal-pradesh-to-chandigarh,Hamirpur (Himachal Pradesh) to Chandigarh,HRTC - 99,Himsuta AC Seater Volvo/Scania 2+2,21:00,05h 00m,02:00,3.9,615,33 Seats available
https://www.redbus.in/bus-tickets/hamirpur-himachal-pradesh-to-chandigarh,Hamirpur (Himachal Pradesh) to Chandigarh,HRTC - 622,Ordinary 3+2 Non AC Seater,21:15,05h 15m,02:30,3.3,344,37 Seats available
https://www.redbus.in/bus-tickets/hamirpur-himachal-pradesh-to-chandigarh,Hamirpur (Himachal Pradesh) to Chandigarh,HRTC - 79,Himsuta AC Seater Volvo/Scania 2+2,21:30,04h 30m,02:00,3.9,595,26 Seats available
https://www.redbus.in/bus-tickets/hamirpur-himachal-pradesh-to-chandigarh,Hamirpur (Himachal Pradesh) to Chandigarh,Laxmi holidays,Volvo A/C Semi Sleeper (2+2),20:20,04h 55m,01:15,4.4,522,39 Seats available
https://www.redbus.in/bus-tickets/hamirpur-himachal-pradesh-to-chandigarh,Hamirpur (Himachal Pradesh) to Chandigarh,Ram Dalal Holidays,Volvo A/C Semi Sleeper (2+2),21:40,04h 25m,02:05,4.7,540,22 Seats available
https://www.redbus.in/bus-tickets/hamirpur-himachal-pradesh-to-chandigarh,Hamirpur (Himachal Pradesh) to Chandigarh,Ram Dalal Holidays,Volvo A/C Semi Sleeper (2+2),22:00,05h 10m,03:10,4.5,584,32 Seats available
https://www.redbus.in/bus-tickets/chandigarh-to-hamirpur-himachal-pradesh,Chandigarh to Hamirpur (Himachal Pradesh),HRTC - 82,Himsuta AC Seater Volvo/Scania 2+2,03:00,04h 40m,07:40,3.9,595,30 Seats available
https://www.redbus.in/bus-tickets/chandigarh-to-hamirpur-himachal-pradesh,Chandigarh to Hamirpur (Himachal Pradesh),HRTC - 1268,Ordinary 3+2 Non AC Seater,04:50,05h 40m,10:30,4.3,339,37 Seats available
https://www.redbus.in/bus-tickets/chandigarh-to-hamirpur-himachal-pradesh,Chandigarh to Hamirpur (Himachal Pradesh),HRTC - 401669,Ordinary 3+2 Non AC Seater,10:35,04h 05m,14:40,4.1,295,35 Seats available
https://www.redbus.in/bus-tickets/chandigarh-to-hamirpur-himachal-pradesh,Chandigarh to Hamirpur (Himachal Pradesh),HRTC - 9236,A/C Executive (2+3),12:05,04h 05m,16:10,4.3,315,35 Seats available
https://www.redbus.in/bus-tickets/chandigarh-to-hamirpur-himachal-pradesh,Chandigarh to Hamirpur (Himachal Pradesh),HRTC - 1515,Ordinary 3+2 Non AC Seater,13:20,06h 55m,20:15,3.2,348,37 Seats available
https://www.redbus.in/bus-tickets/chandigarh-to-hamirpur-himachal-pradesh,Chandigarh to Hamirpur (Himachal Pradesh),HRTC - 1529,Ordinary 3+2 Non AC Seater,13:56,05h 09m,19:05,3.2,339,37 Seats available
https://www.redbus.in/bus-tickets/chandigarh-to-hamirpur-himachal-pradesh,Chandigarh to Hamirpur (Himachal Pradesh),HRTC - 1516,A/C Executive (2+3),15:00,03h 50m,18:50,4.3,315,41 Seats available
https://www.redbus.in/bus-tickets/chandigarh-to-hamirpur-himachal-pradesh,Chandigarh to Hamirpur (Himachal Pradesh),HRTC - 1546,Ordinary 3+2 Non AC Seater,16:25,04h 50m,21:15,2.5,309,27 Seats available
https://www.redbus.in/bus-tickets/chandigarh-to-hamirpur-himachal-pradesh,Chandigarh to Hamirpur (Himachal Pradesh),HRTC - 9235,A/C Executive (2+3),16:40,05h 20m,22:00,4.3,369,42 Seats available
https://www.redbus.in/bus-tickets/chandigarh-to-hamirpur-himachal-pradesh,Chandigarh to Hamirpur (Himachal Pradesh),HRTC - 401670,Ordinary 3+2 Non AC Seater,18:00,04h 00m,22:00,5.0,295,33 Seats available
https://www.redbus.in/bus-tickets/chandigarh-to-hamirpur-himachal-pradesh,Chandigarh to Hamirpur (Himachal Pradesh),HRTC - 1549,Ordinary 3+2 Non AC Seater,18:15,06h 45m,01:00,3.9,337,37 Seats available
https://www.redbus.in/bus-tickets/chandigarh-to-hamirpur-himachal-pradesh,Chandigarh to Hamirpur (Himachal Pradesh),Ram Dalal Holidays,Volvo A/C Semi Sleeper (2+2),01:40,03h 55m,05:35,4.7,490,11 Seats available
https://www.redbus.in/bus-tickets/chandigarh-to-hamirpur-himachal-pradesh,Chandigarh to Hamirpur (Himachal Pradesh),Laxmi holidays,Volvo A/C Semi Sleeper (2+2),02:00,04h 10m,06:10,4.7,499,12 Seats available
https://www.redbus.in/bus-tickets/chandigarh-to-hamirpur-himachal-pradesh,Chandigarh to Hamirpur (Himachal Pradesh),Ram Dalal Holidays,Volvo A/C Semi Sleeper (2+2),02:30,03h 40m,06:10,4.5,540,23 Seats available
https://www.redbus.in/bus-tickets/chandigarh-to-hamirpur-himachal-pradesh,Chandigarh to Hamirpur (Himachal Pradesh),Zingbus Plus,Volvo Multi-Axle A/C Semisleeper (2+2),02:45,05h 35m,08:20,4.3,1223,36 Seats available
https://www.redbus.in/bus-tickets/sujanpur-to-chandigarh,Sujanpur (himachal pradesh) to Chandigarh,HRTC - 6747,Ordinary 3+2 Non AC Seater,05:00,04h 31m,09:31,3.9,333,27 Seats available
https://www.redbus.in/bus-tickets/sujanpur-to-chandigarh,Sujanpur (himachal pradesh) to Chandigarh,HRTC - 964,Ordinary 3+2 Non AC Seater,05:45,06h 55m,12:40,3.9,358,37 Seats available
https://www.redbus.in/bus-tickets/sujanpur-to-chandigarh,Sujanpur (himachal pradesh) to Chandigarh,HRTC - 950,Ordinary 3+2 Non AC Seater,06:45,06h 10m,12:55,3.9,358,27 Seats available
https://www.redbus.in/bus-tickets/sujanpur-to-chandigarh,Sujanpur (himachal pradesh) to Chandigarh,HRTC - 1175,Ordinary 3+2 Non AC Seater,07:30,06h 55m,14:25,3.9,358,37 Seats available
https://www.redbus.in/bus-tickets/sujanpur-to-chandigarh,Sujanpur (himachal pradesh) to Chandigarh,HRTC - 6676,Ordinary 3+2 Non AC Seater,07:50,07h 10m,15:00,3.9,356,37 Seats available
https://www.redbus.in/bus-tickets/sujanpur-to-chandigarh,Sujanpur (himachal pradesh) to Chandigarh,HRTC - 164,Himsuta AC Seater Volvo/Scania 2+2,08:30,05h 30m,14:00,3.9,586,27 Seats available
https://www.redbus.in/bus-tickets/sujanpur-to-chandigarh,Sujanpur (himachal pradesh) to Chandigarh,HRTC - 1165,Ordinary 3+2 Non AC Seater,09:00,05h 15m,14:15,3.9,358,26 Seats available
https://www.redbus.in/bus-tickets/sujanpur-to-chandigarh,Sujanpur (himachal pradesh) to Chandigarh,HRTC - 974,Ordinary 3+2 Non AC Seater,10:05,07h 10m,17:15,3.9,354,24 Seats available
https://www.redbus.in/bus-tickets/sujanpur-to-chandigarh,Sujanpur (himachal pradesh) to Chandigarh,HRTC - 6668,Ordinary 3+2 Non AC Seater,11:30,06h 30m,18:00,3.9,356,37 Seats available
https://www.redbus.in/bus-tickets/sujanpur-to-chandigarh,Sujanpur (himachal pradesh) to Chandigarh,HRTC - 955,Ordinary 3+2 Non AC Seater,16:20,07h 35m,23:55,3.9,361,34 Seats available
https://www.redbus.in/bus-tickets/sujanpur-to-chandigarh,Sujanpur (himachal pradesh) to Chandigarh,HRTC - 1146,Ordinary 3+2 Non AC Seater,17:10,06h 09m,23:19,3.9,363,37 Seats available
https://www.redbus.in/bus-tickets/sujanpur-to-chandigarh,Sujanpur (himachal pradesh) to Chandigarh,HRTC - 952,Ordinary 3+2 Non AC Seater,17:34,06h 46m,00:20,3.9,358,37 Seats available
https://www.redbus.in/bus-tickets/sujanpur-to-chandigarh,Sujanpur (himachal pradesh) to Chandigarh,HRTC - 1105,Ordinary 3+2 Non AC Seater,19:00,06h 10m,01:10,3.9,358,37 Seats available
https://www.redbus.in/bus-tickets/sujanpur-to-chandigarh,Sujanpur (himachal pradesh) to Chandigarh,HRTC - 1101,Ordinary 3+2 Non AC Seater,19:30,05h 35m,01:05,3.9,358,37 Seats available
https://www.redbus.in/bus-tickets/sujanpur-to-chandigarh,Sujanpur (himachal pradesh) to Chandigarh,HRTC - 622,Ordinary 3+2 Non AC Seater,20:10,06h 20m,02:30,3.9,397,37 Seats available
https://www.redbus.in/bus-tickets/sujanpur-to-chandigarh,Sujanpur (himachal pradesh) to Chandigarh,HRTC - 79,Himsuta AC Seater Volvo/Scania 2+2,20:30,05h 30m,02:00,3.9,682,26 Seats available
https://www.redbus.in/bus-tickets/sujanpur-to-chandigarh,Sujanpur (himachal pradesh) to Chandigarh,Chandigarh Transport Undertaking (CTU) - 165837,HVAC Seater (2+3),13:20,06h 30m,19:50,4.2,452.39,43 Seats available
https://www.redbus.in/bus-tickets/sujanpur-to-chandigarh,Sujanpur (himachal pradesh) to Chandigarh,Laxmi holidays,Volvo A/C Semi Sleeper (2+2),19:30,05h 45m,01:15,4.7,522,39 Seats available
https://www.redbus.in/bus-tickets/shimla-to-chandigarh,Shimla to Chandigarh,Chandigarh Transport Undertaking (CTU) - 165741,HVAC Seater (2+3),12:58,04h 35m,17:33,4.1,307.62,47 Seats available
https://www.redbus.in/bus-tickets/shimla-to-chandigarh,Shimla to Chandigarh,Chandigarh Transport Undertaking (CTU) - 165743,HVAC Seater (2+3),15:30,04h 35m,20:05,3.8,307.62,47 Seats available
https://www.redbus.in/bus-tickets/shimla-to-chandigarh,Shimla to Chandigarh,Chandigarh Transport Undertaking (CTU) - 165746,HVAC Seater (2+3),18:30,04h 35m,23:05,4.8,307.62,47 Seats available
https://www.redbus.in/bus-tickets/shimla-to-chandigarh,Shimla to Chandigarh,Chandigarh Transport Undertaking (CTU) - 165748,HVAC Seater (2+3),22:45,04h 35m,03:20,3.7,307.62,47 Seats available
https://www.redbus.in/bus-tickets/shimla-to-chandigarh,Shimla to Chandigarh,RSRTC - 192348,Super Luxury Volvo AC Seater Pushback 2+2,16:30,04h 45m,21:15,3.3,432,37 Seats available
https://www.redbus.in/bus-tickets/shimla-to-chandigarh,Shimla to Chandigarh,City Land Travels,Volvo A/C Semi Sleeper (2+2),10:00,03h 15m,13:15,4.6,488,24 Seats available
https://www.redbus.in/bus-tickets/shimla-to-chandigarh,Shimla to Chandigarh,City Land Travels,Volvo A/C Semi Sleeper (2+2),10:00,03h 19m,13:19,4.3,488,24 Seats available
https://www.redbus.in/bus-tickets/shimla-to-chandigarh,Shimla to Chandigarh,Laxmi holidays,Volvo A/C Semi Sleeper (2+2),10:30,03h 10m,13:40,4.6,399,24 Seats available
https://www.redbus.in/bus-tickets/shimla-to-chandigarh,Shimla to Chandigarh,City Land Travels,Volvo A/C Semi Sleeper (2+2),10:30,03h 30m,14:00,3.9,488,30 Seats available
https://www.redbus.in/bus-tickets/shimla-to-chandigarh,Shimla to Chandigarh,Bedi Travels,Volvo A/C Semi Sleeper (2+2 ),21:30,03h 25m,00:55,4.0,450,25 Seats available
https://www.redbus.in/bus-tickets/shimla-to-chandigarh,Shimla to Chandigarh,City Land Travels,Volvo A/C Semi Sleeper (2+2),10:30,02h 55m,13:25,3.7,488,30 Seats available
https://www.redbus.in/bus-tickets/shimla-to-chandigarh,Shimla to Chandigarh,FlixBus,A/C Seater (2+2),11:00,04h 30m,15:30,4.9,104,44 Seats available
https://www.redbus.in/bus-tickets/shimla-to-chandigarh,Shimla to Chandigarh,FlixBus,A/C Seater (2+2),20:00,04h 30m,00:30,4.5,109,41 Seats available
https://www.redbus.in/bus-tickets/shimla-to-chandigarh,Shimla to Chandigarh,City Land Travels,Volvo A/C Semi Sleeper (2+2),22:00,02h 50m,00:50,4.1,495,29 Seats available
https://www.redbus.in/bus-tickets/shimla-to-chandigarh,Shimla to Chandigarh,Laxmi holidays,Scania Multi-Axle AC Semi Sleeper (2+2),20:30,02h 30m,23:00,4.7,499,50 Seats available
https://www.redbus.in/bus-tickets/shimla-to-chandigarh,Shimla to Chandigarh,Laxmi holidays,Scania Multi-Axle AC Semi Sleeper (2+2),20:30,03h 05m,23:35,4.8,499,48 Seats available
https://www.redbus.in/bus-tickets/shimla-to-chandigarh,Shimla to Chandigarh,Zingbus Plus,Bharat Benz A/C Semi Sleeper (2+2),20:30,03h 15m,23:45,4.6,421,33 Seats available
https://www.redbus.in/bus-tickets/shimla-to-chandigarh,Shimla to Chandigarh,Ram Dalal Holidays,Mercedes Multi-Axle Semi Sleeper (2+2),21:55,03h 45m,01:40,3.9,639,38 Seats available
https://www.redbus.in/bus-tickets/shimla-to-chandigarh,Shimla to Chandigarh,City Land Travels,Volvo A/C Semi Sleeper (2+2),22:30,02h 50m,01:20,4.4,529,31 Seats available
https://www.redbus.in/bus-tickets/shimla-to-chandigarh,Shimla to Chandigarh,City Land Travels,Volvo A/C Semi Sleeper (2+2),22:30,02h 45m,01:15,5.0,529,31 Seats available
https://www.redbus.in/bus-tickets/shimla-to-chandigarh,Shimla to Chandigarh,City Land Travels,Volvo A/C Semi Sleeper (2+2),22:00,03h 00m,01:00,2.7,495,29 Seats available
https://www.redbus.in/bus-tickets/chandigarh-to-ludhiana,Chandigarh to Ludhiana,Chandigarh Transport Undertaking (CTU) - 165801,HVAC Seater (2+3),07:16,02h 44m,10:00,4.3,157.15,47 Seats available
https://www.redbus.in/bus-tickets/chandigarh-to-ludhiana,Chandigarh to Ludhiana,Chandigarh Transport Undertaking (CTU) - 165803,HVAC Seater (2+3),09:01,02h 45m,11:46,4.3,157.15,47 Seats available
https://www.redbus.in/bus-tickets/chandigarh-to-ludhiana,Chandigarh to Ludhiana,Chandigarh Transport Undertaking (CTU) - 165805,HVAC Seater (2+3),13:14,02h 45m,15:59,4.2,157.15,47 Seats available
https://www.redbus.in/bus-tickets/chandigarh-to-ludhiana,Chandigarh to Ludhiana,Chandigarh Transport Undertaking (CTU) - 165807,HVAC Seater (2+3),16:59,02h 45m,19:44,4.4,157.15,47 Seats available
https://www.redbus.in/bus-tickets/chandigarh-to-ludhiana,Chandigarh to Ludhiana,Jujhar Travels,Mercedes A/C Seater (2+2),06:50,01h 40m,08:30,4.4,280,39 Seats available
https://www.redbus.in/bus-tickets/chandigarh-to-ludhiana,Chandigarh to Ludhiana,Jujhar Travels,Mercedes A/C Seater (2+2),08:00,02h 05m,10:05,4.7,280,45 Seats available
https://www.redbus.in/bus-tickets/chandigarh-to-ludhiana,Chandigarh to Ludhiana,Jujhar Travels,Volvo A/C Semi Sleeper (2+2),08:40,01h 50m,10:30,4.3,280,45 Seats available
https://www.redbus.in/bus-tickets/chandigarh-to-ludhiana,Chandigarh to Ludhiana,Jujhar Travels,Volvo A/C Semi Sleeper (2+2),09:40,02h 15m,11:55,4.4,280,39 Seats available
https://www.redbus.in/bus-tickets/chandigarh-to-ludhiana,Chandigarh to Ludhiana,Jujhar Travels,Mercedes Benz A/C (2+2),10:35,02h 15m,12:50,3.7,280,44 Seats available
https://www.redbus.in/bus-tickets/chandigarh-to-ludhiana,Chandigarh to Ludhiana,Jujhar Travels,Volvo A/C Semi Sleeper (2+2),11:15,01h 55m,13:10,4.4,280,41 Seats available
https://www.redbus.in/bus-tickets/chandigarh-to-ludhiana,Chandigarh to Ludhiana,Orbit Aviation Pvt. Ltd.,A/C Seater (2+2),11:35,02h 15m,13:50,3.7,280,49 Seats available
https://www.redbus.in/bus-tickets/chandigarh-to-ludhiana,Chandigarh to Ludhiana,Jujhar Travels,Volvo A/C Semi Sleeper (2+2),12:15,02h 00m,14:15,3.1,280,41 Seats available
https://www.redbus.in/bus-tickets/chandigarh-to-ludhiana,Chandigarh to Ludhiana,Orbit Aviation Pvt. Ltd.,A/C Seater (2+2),12:55,01h 55m,14:50,3.1,280,49 Seats available
https://www.redbus.in/bus-tickets/chandigarh-to-ludhiana,Chandigarh to Ludhiana,Orbit Aviation Pvt. Ltd.,Mercedes Multi-Axle Semi Sleeper (2+2),13:45,01h 45m,15:30,3.7,200,53 Seats available
https://www.redbus.in/bus-tickets/chandigarh-to-ludhiana,Chandigarh to Ludhiana,Jujhar Travels,Volvo A/C Semi Sleeper (2+2),14:13,02h 10m,16:23,4.3,280,44 Seats available
https://www.redbus.in/bus-tickets/chandigarh-to-ludhiana,Chandigarh to Ludhiana,Orbit Aviation Pvt. Ltd.,A/C Seater (2+2),14:55,01h 55m,16:50,3.7,280,45 Seats available
https://www.redbus.in/bus-tickets/chandigarh-to-ludhiana,Chandigarh to Ludhiana,Jujhar Travels,Volvo A/C Semi Sleeper (2+2),15:25,02h 05m,17:30,3.8,280,36 Seats available
https://www.redbus.in/bus-tickets/chandigarh-to-ludhiana,Chandigarh to Ludhiana,Jujhar Travels,Volvo A/C Semi Sleeper (2+2),15:50,02h 15m,18:05,3.1,280,40 Seats available
https://www.redbus.in/bus-tickets/chandigarh-to-ludhiana,Chandigarh to Ludhiana,Jujhar Travels,Volvo A/C Semi Sleeper (2+2),16:20,02h 10m,18:30,3.9,280,41 Seats available
https://www.redbus.in/bus-tickets/chandigarh-to-ludhiana,Chandigarh to Ludhiana,Jujhar Travels,Volvo A/C Semi Sleeper (2+2),17:10,01h 55m,19:05,4.0,280,41 Seats available
https://www.redbus.in/bus-tickets/chandigarh-to-ludhiana,Chandigarh to Ludhiana,Jujhar Travels,Volvo A/C Semi Sleeper (2+2),17:25,02h 25m,19:50,4.6,280,44 Seats available
https://www.redbus.in/bus-tickets/chandigarh-to-ludhiana,Chandigarh to Ludhiana,Orbit Aviation Pvt. Ltd.,A/C Seater (2+2),17:55,02h 05m,20:00,4.4,280,44 Seats available
https://www.redbus.in/bus-tickets/chandigarh-to-ludhiana,Chandigarh to Ludhiana,Jujhar Travels,Volvo A/C Semi Sleeper (2+2),18:20,02h 00m,20:20,3.6,280,41 Seats available
https://www.redbus.in/bus-tickets/chandigarh-to-ludhiana,Chandigarh to Ludhiana,Sagar Bus Service,Volvo AC Seater (2+2),10:20,02h 20m,12:40,2.9,314,41 Seats available
https://www.redbus.in/bus-tickets/chandigarh-to-ludhiana,Chandigarh to Ludhiana,Jujhar Travels,Mercedes A/C Seater (2+2),15:00,02h 15m,17:15,2.9,280,43 Seats available
https://www.redbus.in/bus-tickets/chandigarh-to-ludhiana,Chandigarh to Ludhiana,Vijay Tour and Travels,Bharat Benz A/C Seater /Sleeper (2+1),02:30,03h 00m,05:30,3.5,647,34 Seats available
https://www.redbus.in/bus-tickets/chandigarh-to-ludhiana,Chandigarh to Ludhiana,Muskan Tour And Travels private Limited,Volvo Multi-Axle I-Shift B11R Semi Sleeper (2+2),02:50,01h 10m,04:00,4.3,524,23 Seats available
https://www.redbus.in/bus-tickets/chandigarh-to-ludhiana,Chandigarh to Ludhiana,Golden Temple Volvo Bus Service,A/C Seater / Sleeper (2+1),02:55,01h 50m,04:45,3.1,686,38 Seats available
https://www.redbus.in/bus-tickets/chandigarh-to-ludhiana,Chandigarh to Ludhiana,Golden Temple Volvo Bus Service,A/C Seater / Sleeper (2+1),02:55,01h 05m,04:00,3.1,686,42 Seats available
https://www.redbus.in/bus-tickets/chandigarh-to-ludhiana,Chandigarh to Ludhiana,Golden Temple Express Volvo,Volvo Multi-Axle A/C Semi Sleeper (2+2),03:25,01h 21m,04:46,3.7,549,25 Seats available
https://www.redbus.in/bus-tickets/chandigarh-to-ludhiana,Chandigarh to Ludhiana,Golden Temple Express Volvo,Volvo Multi-Axle A/C Semi Sleeper (2+2),03:30,01h 36m,05:06,3.7,499,26 Seats available
https://www.redbus.in/bus-tickets/chandigarh-to-ludhiana,Chandigarh to Ludhiana,New Khaira TPT,AC Sleeper (2+1),04:00,01h 30m,05:30,3.1,1350,30 Seats available
https://www.redbus.in/bus-tickets/chandigarh-to-ludhiana,Chandigarh to Ludhiana,Laxmi holidays,Bharat Benz A/C Sleeper (2+1),04:20,01h 50m,06:10,4.3,480,21 Seats available
https://www.redbus.in/bus-tickets/chandigarh-to-ludhiana,Chandigarh to Ludhiana,Laxmi holidays,Bharat Benz A/C Sleeper (2+1),04:40,02h 00m,06:40,4.3,475,24 Seats available
https://www.redbus.in/bus-tickets/chandigarh-to-ludhiana,Chandigarh to Ludhiana,Vijay Tour and Travels,Bharat Benz A/C Seater /Sleeper (2+1),05:30,02h 00m,07:30,3.5,647,34 Seats available
https://www.redbus.in/bus-tickets/chandigarh-to-ludhiana,Chandigarh to Ludhiana,Orbit Aviation Pvt. Ltd.,Mercedes Multi-Axle Semi Sleeper (2+2),16:20,03h 00m,19:20,3.6,549,30 Seats available
https://www.redbus.in/bus-tickets/chandigarh-to-ludhiana,Chandigarh to Ludhiana,Orbit Aviation Pvt. Ltd.,Mercedes Multi-Axle Semi Sleeper (2+2),16:45,02h 35m,19:20,3.7,549,30 Seats available
https://www.redbus.in/bus-tickets/chandigarh-to-ludhiana,Chandigarh to Ludhiana,Orbit Aviation Pvt. Ltd.,Mercedes Multi-Axle Semi Sleeper (2+2),16:59,02h 21m,19:20,3.7,549,30 Seats available
https://www.redbus.in/bus-tickets/chandigarh-to-ludhiana,Chandigarh to Ludhiana,Rajpreet Travels and cargo,A/C Sleeper (2+1),19:00,02h 30m,21:30,3.5,950,32 Seats available
https://www.redbus.in/bus-tickets/chandigarh-to-ludhiana,Chandigarh to Ludhiana,Rajpreet Travels and cargo,A/C Sleeper (2+1),20:00,02h 00m,22:00,3.5,666,36 Seats available
https://www.redbus.in/bus-tickets/chandigarh-to-ludhiana,Chandigarh to Ludhiana,Zimindara Travels,AC Sleeper (2+1),20:00,02h 20m,22:20,4.0,714,31 Seats available
https://www.redbus.in/bus-tickets/chandigarh-to-ludhiana,Chandigarh to Ludhiana,Orbit Aviation Pvt. Ltd.,Mercedes Multi-Axle Semi Sleeper (2+2),21:25,02h 05m,23:30,3.6,1100,53 Seats available
https://www.redbus.in/bus-tickets/chandigarh-to-ludhiana,Chandigarh to Ludhiana,Orbit Aviation Pvt. Ltd.,Mercedes Multi-Axle Semi Sleeper (2+2),21:45,01h 45m,23:30,3.7,1300,53 Seats available
https://www.redbus.in/bus-tickets/chandigarh-to-ludhiana,Chandigarh to Ludhiana,Orbit Aviation Pvt. Ltd.,Mercedes Multi-Axle Semi Sleeper (2+2),21:45,01h 45m,23:30,3.7,1100,53 Seats available
https://www.redbus.in/bus-tickets/chandigarh-to-ludhiana,Chandigarh to Ludhiana,AMBIKA MISHRA TRAVELS,AC Sleeper (2+1),20:40,01h 40m,22:20,2.5,500,32 Seats available
https://www.redbus.in/bus-tickets/chandigarh-to-ludhiana,Chandigarh to Ludhiana,Northern Travels,Bharat Benz A/C Sleeper (2+1),22:30,01h 29m,23:59,2.7,570,16 Seats available
https://www.redbus.in/bus-tickets/chandigarh-to-dharamshala,Chandigarh to Dharamshala (Himachal Pradesh),HRTC - 1265,Ordinary 3+2 Non AC Seater,08:10,08h 20m,16:30,3.9,419,39 Seats available
https://www.redbus.in/bus-tickets/chandigarh-to-dharamshala,Chandigarh to Dharamshala (Himachal Pradesh),HRTC - 127,Himsuta AC Seater Volvo/Scania 2+2,15:40,06h 20m,22:00,4.0,724,31 Seats available
https://www.redbus.in/bus-tickets/chandigarh-to-dharamshala,Chandigarh to Dharamshala (Himachal Pradesh),HRTC - 1285,Ordinary 3+2 Non AC Seater,18:40,07h 50m,02:30,3.9,439,37 Seats available
https://www.redbus.in/bus-tickets/chandigarh-to-dharamshala,Chandigarh to Dharamshala (Himachal Pradesh),HRTC - 573,Ordinary 3+2 Non AC Seater,19:40,06h 20m,02:00,3.9,434,36 Seats available
https://www.redbus.in/bus-tickets/chandigarh-to-dharamshala,Chandigarh to Dharamshala (Himachal Pradesh),HRTC - 91,Himsuta AC Seater Volvo/Scania 2+2,22:10,06h 30m,04:40,3.7,724,34 Seats available
https://www.redbus.in/bus-tickets/chandigarh-to-dharamshala,Chandigarh to Dharamshala (Himachal Pradesh),Chandigarh Transport Undertaking (CTU) - 165943,HVAC Seater (2+3),10:45,07h 00m,17:45,4.1,512.39,45 Seats available
https://www.redbus.in/bus-tickets/chandigarh-to-dharamshala,Chandigarh to Dharamshala (Himachal Pradesh),Laxmi holidays,Volvo Multi-Axle A/C Semi Sleeper (2+2),01:00,05h 55m,06:55,4.4,570,14 Seats available
https://www.redbus.in/bus-tickets/chandigarh-to-dharamshala,Chandigarh to Dharamshala (Himachal Pradesh),Laxmi holidays,Volvo Multi-Axle A/C Semi Sleeper (2+2),01:00,05h 53m,06:53,4.0,523,32 Seats available
https://www.redbus.in/bus-tickets/chandigarh-to-dharamshala,Chandigarh to Dharamshala (Himachal Pradesh),Ram Dalal Holidays,Volvo 9600 A/C Semi Sleeper (2+2),01:05,05h 35m,06:40,4.7,450,24 Seats available
https://www.redbus.in/bus-tickets/chandigarh-to-dharamshala,Chandigarh to Dharamshala (Himachal Pradesh),Zingbus Plus,Volvo A/C Semi Sleeper (2+2),01:05,04h 55m,06:00,4.6,370,8 Seats available
https://www.redbus.in/bus-tickets/chandigarh-to-dharamshala,Chandigarh to Dharamshala (Himachal Pradesh),Bedi Travels,Volvo A/C Semi Sleeper (2+2 ),02:30,06h 15m,08:45,5.0,540,19 Seats available
https://www.redbus.in/bus-tickets/chandigarh-to-dharamshala,Chandigarh to Dharamshala (Himachal Pradesh),FlixBus,A/C Seater (2+2),01:25,05h 50m,07:15,3.4,411,37 Seats available
https://www.redbus.in/bus-tickets/chandigarh-to-dharamshala,Chandigarh to Dharamshala (Himachal Pradesh),Zingbus Plus,Volvo Multi-Axle A/C Semisleeper (2+2),02:45,05h 35m,08:20,4.9,461,19 Seats available
https://www.redbus.in/bus-tickets/chandigarh-to-dharamshala,Chandigarh to Dharamshala (Himachal Pradesh),Bedi Travels,Volvo A/C Semi Sleeper (2+2 ),02:30,06h 00m,08:30,4.6,540,24 Seats available
https://www.redbus.in/bus-tickets/chandigarh-to-dharamshala,Chandigarh to Dharamshala (Himachal Pradesh),New Himalaya Travels,Volvo A/C Semi Sleeper (2+2),01:50,05h 55m,07:45,4.4,380,23 Seats available
https://www.redbus.in/bus-tickets/chandigarh-to-dharamshala,Chandigarh to Dharamshala (Himachal Pradesh),New Himalaya Travels,Volvo A/C Semi Sleeper (2+2),01:50,05h 59m,07:49,4.4,380,23 Seats available
https://www.redbus.in/bus-tickets/chandigarh-to-dharamshala,Chandigarh to Dharamshala (Himachal Pradesh),Laxmi holidays,Volvo 9600 A/C Semi Sleeper (2+2),01:55,05h 20m,07:15,4.8,475,23 Seats available
https://www.redbus.in/bus-tickets/chandigarh-to-dharamshala,Chandigarh to Dharamshala (Himachal Pradesh),Laxmi holidays,Volvo 9600 A/C Semi Sleeper (2+2),01:55,06h 05m,08:00,3.9,475,23 Seats available
https://www.redbus.in/bus-tickets/chandigarh-to-dharamshala,Chandigarh to Dharamshala (Himachal Pradesh),Ram Dalal Holidays,Volvo 9600 Multi Axle Semi-Sleeper (2+2),02:15,05h 55m,08:10,4.4,600,28 Seats available
https://www.redbus.in/bus-tickets/chandigarh-to-dharamshala,Chandigarh to Dharamshala (Himachal Pradesh),Zingbus Plus,Volvo A/C Semi Sleeper (2+2),01:05,05h 00m,06:05,4.8,455,10 Seats available
https://www.redbus.in/bus-tickets/chandigarh-to-dharamshala,Chandigarh to Dharamshala (Himachal Pradesh),Bedi Travels,Volvo 9600 Multi Axle Semi-Sleeper (2+2),01:45,06h 00m,07:45,4.9,630,27 Seats available
https://www.redbus.in/bus-tickets/chandigarh-to-dharamshala,Chandigarh to Dharamshala (Himachal Pradesh),Bedi Travels,Volvo 9600 Multi Axle Semi-Sleeper (2+2),01:45,05h 45m,07:30,4.9,630,27 Seats available
https://www.redbus.in/bus-tickets/chandigarh-to-dharamshala,Chandigarh to Dharamshala (Himachal Pradesh),Laxmi holidays,Volvo 9600 A/C Semi Sleeper (2+2),02:50,06h 05m,08:55,4.0,499,34 Seats available
https://www.redbus.in/bus-tickets/chandigarh-to-dharamshala,Chandigarh to Dharamshala (Himachal Pradesh),Laxmi holidays,Volvo 9600 A/C Semi Sleeper (2+2),02:50,06h 10m,09:00,4.8,499,28 Seats available
https://www.redbus.in/bus-tickets/chandigarh-to-dharamshala,Chandigarh to Dharamshala (Himachal Pradesh),Laxmi holidays,VE A/C Semi Sleeper (2+2),23:50,05h 40m,05:30,4.5,1139,39 Seats available
https://www.redbus.in/bus-tickets/chandigarh-to-dharamshala,Chandigarh to Dharamshala (Himachal Pradesh),Zingbus Plus,Volvo Multi-Axle A/C Semisleeper (2+2),02:45,05h 40m,08:25,4.3,515,38 Seats available
https://www.redbus.in/bus-tickets/chandigarh-to-dharamshala,Chandigarh to Dharamshala (Himachal Pradesh),Laxmi holidays,Volvo 9600 A/C Semi Sleeper (2+2),23:55,06h 04m,05:59,4.4,569,35 Seats available
https://www.redbus.in/bus-tickets/chandigarh-to-dharamshala,Chandigarh to Dharamshala (Himachal Pradesh),Laxmi holidays,Volvo 9600 A/C Semi Sleeper (2+2),23:55,06h 05m,06:00,4.6,569,35 Seats available
https://www.redbus.in/bus-tickets/chandigarh-to-dharamshala,Chandigarh to Dharamshala (Himachal Pradesh),A N Holidays,Volvo A/C Semi Sleeper (2+2),23:58,07h 07m,07:05,4.0,749,12 Seats available
https://www.redbus.in/bus-tickets/chandigarh-to-dharamshala,Chandigarh to Dharamshala (Himachal Pradesh),A N Holidays,Volvo A/C Semi Sleeper (2+2),23:58,07h 27m,07:25,3.5,749,12 Seats available
https://www.redbus.in/bus-tickets/chandigarh-to-dharamshala,Chandigarh to Dharamshala (Himachal Pradesh),A N Holidays,Bharat Benz A/C Semi Sleeper (2+2),23:59,07h 16m,07:15,4.1,599,21 Seats available
https://www.redbus.in/bus-tickets/chandigarh-to-dharamshala,Chandigarh to Dharamshala (Himachal Pradesh),Asian's Shina Tour & Travels (Swoyambhu Manjushree Yatayat P. LTD),A/C Semi Sleeper (2+2),00:29,06h 01m,06:30,2.4,999,1 Seat available
https://www.redbus.in/bus-tickets/chandigarh-to-dharamshala,Chandigarh to Dharamshala (Himachal Pradesh),Asian's Shina Tour & Travels (Swoyambhu Manjushree Yatayat P. LTD),A/C Semi Sleeper (2+2),00:29,06h 46m,07:15,2.4,999,1 Seat available
https://www.redbus.in/bus-tickets/chandigarh-to-dharamshala,Chandigarh to Dharamshala (Himachal Pradesh),Asian's Shina Tour & Travels (Swoyambhu Manjushree Yatayat P. LTD),NON A/C Semi Sleeper (2+2),23:55,06h 36m,06:31,2.4,999,29 Seats available
https://www.redbus.in/bus-tickets/chandigarh-to-dharamshala,Chandigarh to Dharamshala (Himachal Pradesh),Asian's Shina Tour & Travels (Swoyambhu Manjushree Yatayat P. LTD),NON A/C Semi Sleeper (2+2),23:55,06h 50m,06:45,2.4,999,29 Seats available
https://www.redbus.in/bus-tickets/chandigarh-to-dharamshala,Chandigarh to Dharamshala (Himachal Pradesh),A N Holidays,Bharat Benz A/C Semi Sleeper (2+2),23:59,06h 41m,06:40,2.4,599,19 Seats available
https://www.redbus.in/bus-tickets/chandigarh-to-dehradun,Chandigarh to Dehradun,Chandigarh Transport Undertaking (CTU) - 165791,HVAC Seater (2+3),07:55,05h 35m,13:30,3.5,397.15,44 Seats available
https://www.redbus.in/bus-tickets/chandigarh-to-dehradun,Chandigarh to Dehradun,Chandigarh Transport Undertaking (CTU) - 165793,HVAC Seater (2+3),09:00,05h 30m,14:30,3.1,397.15,44 Seats available
https://www.redbus.in/bus-tickets/chandigarh-to-dehradun,Chandigarh to Dehradun,Chandigarh Transport Undertaking (CTU) - 165795,HVAC Seater (2+3),10:00,05h 30m,15:30,3.5,397.15,47 Seats available
https://www.redbus.in/bus-tickets/chandigarh-to-dehradun,Chandigarh to Dehradun,Laxmi holidays,Bharat Benz A/C Seater /Sleeper (2+1),04:20,06h 40m,11:00,4.3,656,3 Seats available
https://www.redbus.in/bus-tickets/chandigarh-to-dehradun,Chandigarh to Dehradun,NueGo,Electric A/C Seater (2+2),07:30,04h 25m,11:55,3.6,382,28 Seats available
https://www.redbus.in/bus-tickets/chandigarh-to-dehradun,Chandigarh to Dehradun,NueGo,Electric A/C Seater (2+2),08:05,03h 50m,11:55,4.1,382,28 Seats available
https://www.redbus.in/bus-tickets/chandigarh-to-dehradun,Chandigarh to Dehradun,NueGo,Electric A/C Seater (2+2),18:00,04h 55m,22:55,3.8,382,40 Seats available
https://www.redbus.in/bus-tickets/chandigarh-to-dehradun,Chandigarh to Dehradun,NueGo,Electric A/C Seater (2+2),19:00,03h 55m,22:55,3.6,382,40 Seats available
https://www.redbus.in/bus-tickets/chandigarh-to-dehradun,Chandigarh to Dehradun,Laxmi holidays,VE A/C Semi Sleeper (2+2),23:55,05h 50m,05:45,4.6,759,30 Seats available
https://www.redbus.in/bus-tickets/chandigarh-to-dehradun,Chandigarh to Dehradun,Golden Temple Volvo Bus Service,A/C Seater / Sleeper (2+1),23:59,07h 31m,07:30,3.1,886,39 Seats available
https://www.redbus.in/bus-tickets/chandigarh-to-dehradun,Chandigarh to Dehradun,Om Sidh Express,Volvo A/C Semi Sleeper (2+2),17:30,04h 30m,22:00,1.0,361,32 Seats available
https://www.redbus.in/bus-tickets/chandigarh-to-baijnath,Chandigarh to Baijnath,Chandigarh Transport Undertaking (CTU) - 165831,HVAC Seater (2+3),07:20,09h 25m,16:45,4.2,652.39,47 Seats available
https://www.redbus.in/bus-tickets/chandigarh-to-baijnath,Chandigarh to Baijnath,Chandigarh Transport Undertaking (CTU) - 165825,HVAC Seater (2+3),20:08,09h 00m,05:08,3.5,592.39,47 Seats available
https://www.redbus.in/bus-tickets/chandigarh-to-baijnath,Chandigarh to Baijnath,New Himalaya Travels,Volvo A/C Semi Sleeper (2+2),01:00,06h 45m,07:45,4.2,500,24 Seats available
https://www.redbus.in/bus-tickets/chandigarh-to-baijnath,Chandigarh to Baijnath,Ram Dalal Holidays,Volvo 9600 A/C Semi Sleeper (2+2),01:05,06h 30m,07:35,4.5,580,16 Seats available
https://www.redbus.in/bus-tickets/chandigarh-to-baijnath,Chandigarh to Baijnath,Bharmani Travels,Volvo A/C Semi Sleeper (2+2),01:10,05h 50m,07:00,3.3,554,31 Seats available
https://www.redbus.in/bus-tickets/chandigarh-to-baijnath,Chandigarh to Baijnath,Northern Travels,Volvo A/C Semi Sleeper (2+2),01:20,06h 20m,07:40,3.7,493,22 Seats available
https://www.redbus.in/bus-tickets/chandigarh-to-baijnath,Chandigarh to Baijnath,Bedi Travels,Volvo 9600 A/C Semi Sleeper (2+2),01:25,06h 50m,08:15,4.8,558,11 Seats available
https://www.redbus.in/bus-tickets/chandigarh-to-baijnath,Chandigarh to Baijnath,Laxmi holidays,Volvo A/C Semi Sleeper (2+2),01:30,06h 00m,07:30,4.0,499,12 Seats available
https://www.redbus.in/bus-tickets/chandigarh-to-baijnath,Chandigarh to Baijnath,Ram Dalal Holidays,Volvo A/C Semi Sleeper (2+2),01:40,06h 30m,08:10,3.6,490,11 Seats available
https://www.redbus.in/bus-tickets/chandigarh-to-baijnath,Chandigarh to Baijnath,Laxmi holidays,Volvo A/C Semi Sleeper (2+2),02:00,06h 45m,08:45,3.6,499,12 Seats available
https://www.redbus.in/bus-tickets/chandigarh-to-baijnath,Chandigarh to Baijnath,Ram Dalal Holidays,Volvo A/C Semi Sleeper (2+2),02:30,06h 10m,08:40,4.5,540,23 Seats available
https://www.redbus.in/bus-tickets/chandigarh-to-baijnath,Chandigarh to Baijnath,Laxmi holidays,Scania Multi-Axle AC Semi Sleeper (2+2),23:55,06h 35m,06:30,4.5,569,45 Seats available
https://www.redbus.in/bus-tickets/pathankot-to-chandigarh,Pathankot to Chandigarh,HRTC - 1402,Ordinary 3+2 Non AC Seater,10:40,10h 20m,21:00,3.9,430,37 Seats available
https://www.redbus.in/bus-tickets/pathankot-to-chandigarh,Pathankot to Chandigarh,HRTC - 1405,Ordinary 3+2 Non AC Seater,12:30,11h 15m,23:45,3.9,515,27 Seats available
https://www.redbus.in/bus-tickets/pathankot-to-chandigarh,Pathankot to Chandigarh,HRTC - 1403,Ordinary 3+2 Non AC Seater,14:20,09h 10m,23:30,3.9,439,37 Seats available
https://www.redbus.in/bus-tickets/pathankot-to-chandigarh,Pathankot to Chandigarh,HRTC - 1414,Ordinary 3+2 Non AC Seater,14:50,09h 09m,23:59,3.9,416,36 Seats available
https://www.redbus.in/bus-tickets/pathankot-to-chandigarh,Pathankot to Chandigarh,HRTC - 1455,A/C Executive (2+3),15:45,08h 10m,23:55,3.9,485,39 Seats available
https://www.redbus.in/bus-tickets/pathankot-to-chandigarh,Pathankot to Chandigarh,HRTC - 1416,Ordinary 3+2 Non AC Seater,16:30,06h 05m,22:35,3.9,431,37 Seats available
https://www.redbus.in/bus-tickets/pathankot-to-chandigarh,Pathankot to Chandigarh,HRTC - 1401,Ordinary 3+2 Non AC Seater,16:40,08h 10m,00:50,3.9,426,37 Seats available
https://www.redbus.in/bus-tickets/pathankot-to-chandigarh,Pathankot to Chandigarh,HRTC - 1421,Himsuta AC Seater Volvo/Scania 2+2,18:00,07h 40m,01:40,3.9,791,34 Seats available
https://www.redbus.in/bus-tickets/pathankot-to-chandigarh,Pathankot to Chandigarh,HRTC - 1024,A/C Executive (2+3),21:30,06h 45m,04:15,3.5,466,42 Seats available
https://www.redbus.in/bus-tickets/pathankot-to-chandigarh,Pathankot to Chandigarh,HRTC - 100,Himsuta AC Seater Volvo/Scania 2+2,22:50,05h 10m,04:00,3.9,786,25 Seats available
https://www.redbus.in/bus-tickets/pathankot-to-chandigarh,Pathankot to Chandigarh,Chandigarh Transport Undertaking (CTU) - 165786,HVAC Seater (2+3),13:44,06h 16m,20:00,3.8,401.9,47 Seats available
https://www.redbus.in/bus-tickets/pathankot-to-chandigarh,Pathankot to Chandigarh,Ashok Bus Service,VE A/C Seater / Sleeper (2+1),00:00,04h 20m,04:20,4.6,549,5 Seats available
https://www.redbus.in/bus-tickets/pathankot-to-chandigarh,Pathankot to Chandigarh,Laxmi holidays,Bharat Benz A/C Sleeper (2+1),00:00,04h 30m,04:30,4.3,583,10 Seats available
https://www.redbus.in/bus-tickets/pathankot-to-chandigarh,Pathankot to Chandigarh,New Pal Travels,A/C Sleeper (2+1),00:25,05h 05m,05:30,3.5,799,28 Seats available
https://www.redbus.in/bus-tickets/pathankot-to-chandigarh,Pathankot to Chandigarh,Laxmi holidays,Bharat Benz A/C Sleeper (2+1),00:30,04h 20m,04:50,3.5,570,11 Seats available
https://www.redbus.in/bus-tickets/pathankot-to-chandigarh,Pathankot to Chandigarh,Laxmi holidays,VE A/C Seater / Sleeper (2+1),01:00,04h 10m,05:10,3.8,514,6 Seats available
https://www.redbus.in/bus-tickets/pathankot-to-chandigarh,Pathankot to Chandigarh,Ram Dalal Holidays,Bharat Benz A/C Sleeper (2+1),01:30,04h 00m,05:30,4.5,400,13 Seats available
https://www.redbus.in/bus-tickets/pathankot-to-chandigarh,Pathankot to Chandigarh,Orbit Aviation Pvt. Ltd.,A/C Seater (2+2),04:50,04h 05m,08:55,3.7,700,43 Seats available
https://www.redbus.in/bus-tickets/pathankot-to-chandigarh,Pathankot to Chandigarh,RAJDHANI TRANSPORT,NON A/C Seater (2+3),06:34,05h 56m,12:30,4.5,330,51 Seats available
https://www.redbus.in/bus-tickets/pathankot-to-chandigarh,Pathankot to Chandigarh,Orbit Aviation Pvt. Ltd.,A/C Seater (2+2),06:55,04h 30m,11:25,4.0,630,37 Seats available
https://www.redbus.in/bus-tickets/pathankot-to-chandigarh,Pathankot to Chandigarh,RAJDHANI TRANSPORT,NON A/C Seater (2+3),07:12,06h 08m,13:20,4.5,330,51 Seats available
https://www.redbus.in/bus-tickets/pathankot-to-chandigarh,Pathankot to Chandigarh,RAJDHANI TRANSPORT,NON A/C Seater (2+3),07:18,05h 12m,12:30,4.5,330,51 Seats available
https://www.redbus.in/bus-tickets/pathankot-to-chandigarh,Pathankot to Chandigarh,Orbit Aviation Pvt. Ltd.,A/C Seater (2+2),08:25,04h 20m,12:45,4.3,700,44 Seats available
https://www.redbus.in/bus-tickets/pathankot-to-chandigarh,Pathankot to Chandigarh,Orbit Aviation Pvt. Ltd.,Mercedes Multi-Axle Semi Sleeper (2+2),09:20,04h 30m,13:50,4.1,699,49 Seats available
https://www.redbus.in/bus-tickets/pathankot-to-chandigarh,Pathankot to Chandigarh,Orbit Aviation Pvt. Ltd.,Mercedes Multi-Axle Semi Sleeper (2+2),09:20,04h 20m,13:40,3.7,449,41 Seats available
https://www.redbus.in/bus-tickets/pathankot-to-chandigarh,Pathankot to Chandigarh,Orbit Aviation Pvt. Ltd.,Mercedes Multi-Axle Semi Sleeper (2+2),09:20,04h 10m,13:30,4.8,449,41 Seats available
https://www.redbus.in/bus-tickets/pathankot-to-chandigarh,Pathankot to Chandigarh,Orbit Aviation Pvt. Ltd.,A/C Seater (2+2),14:35,04h 40m,19:15,3.8,700,46 Seats available
https://www.redbus.in/bus-tickets/pathankot-to-chandigarh,Pathankot to Chandigarh,Khurana Bus Service,Volvo A/C (2+2),17:00,04h 50m,21:50,3.3,553,37 Seats available
https://www.redbus.in/bus-tickets/pathankot-to-chandigarh,Pathankot to Chandigarh,Khurana Bus Service,Volvo A/C (2+2),17:00,05h 10m,22:10,3.3,638,37 Seats available
https://www.redbus.in/bus-tickets/pathankot-to-chandigarh,Pathankot to Chandigarh,Orbit Aviation Pvt. Ltd.,Mercedes Multi-Axle Semi Sleeper (2+2),17:10,05h 25m,22:35,3.7,1000,53 Seats available
https://www.redbus.in/bus-tickets/pathankot-to-chandigarh,Pathankot to Chandigarh,Zimindara Travels,AC Sleeper (2+1),17:35,05h 30m,23:05,3.2,649,36 Seats available
https://www.redbus.in/bus-tickets/pathankot-to-chandigarh,Pathankot to Chandigarh,Travel Point,A/C Seater / Sleeper (2+2),19:15,04h 15m,23:30,3.3,542,44 Seats available
https://www.redbus.in/bus-tickets/pathankot-to-chandigarh,Pathankot to Chandigarh,Lavish Travels,A/C Seater / Sleeper (2+2),19:35,05h 40m,01:15,3.1,494,52 Seats available
https://www.redbus.in/bus-tickets/pathankot-to-chandigarh,Pathankot to Chandigarh,IntrCity SmartBus,Bharat Benz A/C Seater /Sleeper (2+1),20:00,06h 00m,02:00,4.4,469,27 Seats available
https://www.redbus.in/bus-tickets/pathankot-to-chandigarh,Pathankot to Chandigarh,Laxmi holidays,Bharat Benz A/C Seater /Sleeper (2+1),20:40,04h 50m,01:30,4.8,494,41 Seats available
https://www.redbus.in/bus-tickets/pathankot-to-chandigarh,Pathankot to Chandigarh,Jamna Travels (Delhi),A/C Seater / Sleeper (2+2),21:00,03h 30m,00:30,3.6,999,24 Seats available
https://www.redbus.in/bus-tickets/pathankot-to-chandigarh,Pathankot to Chandigarh,Shiv Mohan Travels,AC Sleeper (2+1),21:00,06h 30m,03:30,4.3,1012,36 Seats available
https://www.redbus.in/bus-tickets/pathankot-to-chandigarh,Pathankot to Chandigarh,Laxmi holidays,Bharat Benz A/C Sleeper (2+1),21:00,05h 00m,02:00,4.6,684,33 Seats available
https://www.redbus.in/bus-tickets/pathankot-to-chandigarh,Pathankot to Chandigarh,SHRI KRISHNA TRAVELS (JAI SHREE GANESH YATRA CO.),VE A/C Seater / Sleeper (2+1),21:50,06h 05m,03:55,3.7,750,18 Seats available
https://www.redbus.in/bus-tickets/pathankot-to-chandigarh,Pathankot to Chandigarh,Travel Point,A/C Seater / Sleeper (2+2),22:00,04h 15m,02:15,3.5,904,50 Seats available
https://www.redbus.in/bus-tickets/pathankot-to-chandigarh,Pathankot to Chandigarh,Shiv Mohan Travels,AC Sleeper (2+1),22:30,05h 45m,04:15,4.3,557,36 Seats available
https://www.redbus.in/bus-tickets/pathankot-to-chandigarh,Pathankot to Chandigarh,Moon Light Travels Katra,A/C Sleeper (2+1),22:35,05h 45m,04:20,4.3,584,24 Seats available
https://www.redbus.in/bus-tickets/pathankot-to-chandigarh,Pathankot to Chandigarh,IntrCity SmartBus,VE A/C Seater / Sleeper (2+1),22:40,05h 00m,03:40,4.3,474,30 Seats available
https://www.redbus.in/bus-tickets/pathankot-to-chandigarh,Pathankot to Chandigarh,City Land Travels,A/C Seater/Sleeper (2+1),23:00,05h 15m,04:15,4.1,574,32 Seats available
https://www.redbus.in/bus-tickets/pathankot-to-chandigarh,Pathankot to Chandigarh,Ram Dalal Holidays,Bharat Benz A/C Sleeper (2+1),23:00,04h 30m,03:30,4.8,450,40 Seats available
https://www.redbus.in/bus-tickets/pathankot-to-chandigarh,Pathankot to Chandigarh,Jamna Travels-Jammu,AshokLeyland Stile A/C,23:00,05h 30m,04:30,4.1,550,18 Seats available
https://www.redbus.in/bus-tickets/pathankot-to-chandigarh,Pathankot to Chandigarh,Shiv Mohan Travels,AC Sleeper (2+1),23:15,05h 00m,04:15,4.3,557,36 Seats available
https://www.redbus.in/bus-tickets/pathankot-to-chandigarh,Pathankot to Chandigarh,Zimindara Travels,AC Sleeper (2+1),23:20,05h 00m,04:20,4.0,618.1,24 Seats available
https://www.redbus.in/bus-tickets/pathankot-to-chandigarh,Pathankot to Chandigarh,Laxmi holidays,Bharat Benz A/C Seater /Sleeper (2+1),23:25,04h 55m,04:20,4.5,641,44 Seats available
https://www.redbus.in/bus-tickets/pathankot-to-chandigarh,Pathankot to Chandigarh,IntrCity SmartBus,A/C Seater / Sleeper (2+1),23:30,04h 50m,04:20,4.2,499,38 Seats available
https://www.redbus.in/bus-tickets/pathankot-to-chandigarh,Pathankot to Chandigarh,Awadh Travels,A/C Sleeper (2+2),23:40,04h 20m,04:00,3.8,1019,46 Seats available
https://www.redbus.in/bus-tickets/pathankot-to-chandigarh,Pathankot to Chandigarh,BSS COOL COOL TRAVELS,A/C Seater / Sleeper (2+2),23:43,03h 57m,03:40,4.1,799,40 Seats available
https://www.redbus.in/bus-tickets/pathankot-to-chandigarh,Pathankot to Chandigarh,Awadh Travels,A/C Sleeper (2+1),23:45,05h 00m,04:45,3.8,552,34 Seats available
https://www.redbus.in/bus-tickets/pathankot-to-chandigarh,Pathankot to Chandigarh,Jamna Travels (Delhi),A/C Seater / Sleeper (2+2),23:45,05h 30m,05:15,3.6,949,24 Seats available
https://www.redbus.in/bus-tickets/pathankot-to-chandigarh,Pathankot to Chandigarh,Radhe Travels,Bharat Benz A/C Sleeper (2+1),23:45,05h 30m,05:15,4.0,529,30 Seats available
https://www.redbus.in/bus-tickets/pathankot-to-chandigarh,Pathankot to Chandigarh,Radhe Travels,Bharat Benz A/C Sleeper (2+1),23:45,04h 55m,04:40,4.0,529,20 Seats available
https://www.redbus.in/bus-tickets/pathankot-to-chandigarh,Pathankot to Chandigarh,Jamna Travels-Jammu,AshokLeyland Stile A/C,23:45,05h 30m,05:15,3.5,749,18 Seats available
https://www.redbus.in/bus-tickets/pathankot-to-chandigarh,Pathankot to Chandigarh,DS Hari Travels,A/C Seater / Sleeper (2+2),23:55,05h 25m,05:20,3.0,500,48 Seats available
https://www.redbus.in/bus-tickets/pathankot-to-chandigarh,Pathankot to Chandigarh,Laxmi holidays,Volvo 9600 Multi-Axle A/C Sleeper (2+1),23:55,03h 45m,03:40,4.3,855,33 Seats available
https://www.redbus.in/bus-tickets/pathankot-to-chandigarh,Pathankot to Chandigarh,DS Hari Travels,A/C Sleeper (2+2),00:10,05h 25m,05:35,2.4,500,10 Seats available
https://www.redbus.in/bus-tickets/chandigarh-to-haridwar,Chandigarh to Haridwar,Chandigarh Transport Undertaking (CTU) - 165962,HVAC Seater (2+3),13:40,05h 50m,19:30,4.1,438.9,47 Seats available
https://www.redbus.in/bus-tickets/chandigarh-to-haridwar,Chandigarh to Haridwar,Laxmi holidays,Bharat Benz A/C Seater /Sleeper (2+1),04:20,05h 10m,09:30,4.2,656,3 Seats available
https://www.redbus.in/bus-tickets/chandigarh-to-haridwar,Chandigarh to Haridwar,Om Sidh Express,Volvo A/C Semi Sleeper (2+2),17:30,03h 20m,20:50,3.4,361,32 Seats available
https://www.redbus.in/bus-tickets/chandigarh-to-haridwar,Chandigarh to Haridwar,Vijay Tour and Travels,Bharat Benz A/C Seater /Sleeper (2+1),21:30,05h 20m,02:50,3.5,618,38 Seats available
https://www.redbus.in/bus-tickets/chandigarh-to-haridwar,Chandigarh to Haridwar,Vijay Tour and Travels,Bharat Benz A/C Seater /Sleeper (2+1),23:30,05h 00m,04:30,3.5,569,33 Seats available
https://www.redbus.in/bus-tickets/chandigarh-to-haridwar,Chandigarh to Haridwar,SHRI KRISHNA TRAVELS (JAI SHREE GANESH YATRA CO.),VE A/C Seater / Sleeper (2+1),23:30,05h 20m,04:50,3.7,699,27 Seats available
https://www.redbus.in/bus-tickets/chandigarh-to-haridwar,Chandigarh to Haridwar,Laxmi holidays,VE A/C Semi Sleeper (2+2),23:55,06h 35m,06:30,4.7,854,32 Seats available
https://www.redbus.in/bus-tickets/chandigarh-to-haridwar,Chandigarh to Haridwar,Golden Temple Volvo Bus Service,A/C Seater / Sleeper (2+1),23:59,05h 56m,05:55,3.1,886,37 Seats available
https://www.redbus.in/bus-tickets/chandigarh-to-haridwar,Chandigarh to Haridwar,Vijay Tour and Travels,Bharat Benz A/C Seater /Sleeper (2+1),00:20,04h 10m,04:30,2.6,600,38 Seats available
https://www.redbus.in/bus-tickets/chandigarh-to-pathankot,Chandigarh to Pathankot,HRTC - 1517,Ordinary 3+2 Non AC Seater,15:35,07h 30m,23:05,2.4,426,37 Seats available
https://www.redbus.in/bus-tickets/chandigarh-to-pathankot,Chandigarh to Pathankot,HRTC - 215,Ordinary 3+2 Non AC Seater,22:30,08h 00m,06:30,3.9,515,27 Seats available
https://www.redbus.in/bus-tickets/chandigarh-to-pathankot,Chandigarh to Pathankot,Chandigarh Transport Undertaking (CTU) - 165785,HVAC Seater (2+3),07:50,06h 00m,13:50,3.7,401.9,47 Seats available
https://www.redbus.in/bus-tickets/chandigarh-to-pathankot,Chandigarh to Pathankot,Ram Dalal Holidays,Bharat Benz A/C Sleeper (2+1),00:05,03h 55m,04:00,4.4,750,3 Seats available
https://www.redbus.in/bus-tickets/chandigarh-to-pathankot,Chandigarh to Pathankot,Shiv Mohan Travels,AC Sleeper (2+1),00:50,06h 00m,06:50,4.3,769,36 Seats available
https://www.redbus.in/bus-tickets/chandigarh-to-pathankot,Chandigarh to Pathankot,Shiv Mohan Travels,AC Sleeper (2+1),00:50,06h 00m,06:50,4.3,890,36 Seats available
https://www.redbus.in/bus-tickets/chandigarh-to-pathankot,Chandigarh to Pathankot,Lavish Travels,A/C Seater / Sleeper (2+2),01:00,04h 20m,05:20,3.1,422,4 Seats available
https://www.redbus.in/bus-tickets/chandigarh-to-pathankot,Chandigarh to Pathankot,Ashok Bus Service,VE A/C Seater / Sleeper (2+1),01:15,04h 15m,05:30,3.7,399,4 Seats available
https://www.redbus.in/bus-tickets/chandigarh-to-pathankot,Chandigarh to Pathankot,IntrCity SmartBus,VE A/C Seater / Sleeper (2+1),01:15,04h 30m,05:45,4.6,589,2 Seats available
https://www.redbus.in/bus-tickets/chandigarh-to-pathankot,Chandigarh to Pathankot,Ram Dalal Holidays,Bharat Benz A/C Sleeper (2+1),02:00,04h 30m,06:30,4.5,600,1 Seat available
https://www.redbus.in/bus-tickets/chandigarh-to-pathankot,Chandigarh to Pathankot,IntrCity SmartBus,A/C Seater / Sleeper (2+1),02:25,04h 25m,06:50,4.4,556,4 Seats available
https://www.redbus.in/bus-tickets/chandigarh-to-pathankot,Chandigarh to Pathankot,Awadh Travels,A/C Sleeper (2+2),02:30,05h 30m,08:00,3.8,722,46 Seats available
https://www.redbus.in/bus-tickets/chandigarh-to-pathankot,Chandigarh to Pathankot,Laxmi holidays,Volvo 9600 Multi-Axle A/C Sleeper (2+1),02:30,04h 30m,07:00,4.7,770,21 Seats available
https://www.redbus.in/bus-tickets/chandigarh-to-pathankot,Chandigarh to Pathankot,Laxmi holidays,VE A/C Seater / Sleeper (2+1),03:00,04h 20m,07:20,4.2,683,10 Seats available
https://www.redbus.in/bus-tickets/chandigarh-to-pathankot,Chandigarh to Pathankot,BSS COOL COOL TRAVELS,A/C Seater / Sleeper (2+2),03:30,03h 30m,07:00,4.1,749,45 Seats available
https://www.redbus.in/bus-tickets/chandigarh-to-pathankot,Chandigarh to Pathankot,Jamna Travels (Delhi),A/C Seater / Sleeper (2+2),03:44,05h 16m,09:00,3.6,699,24 Seats available
https://www.redbus.in/bus-tickets/chandigarh-to-pathankot,Chandigarh to Pathankot,Orbit Aviation Pvt. Ltd.,Mercedes Multi-Axle Semi Sleeper (2+2),13:40,04h 50m,18:30,3.7,449,39 Seats available
https://www.redbus.in/bus-tickets/chandigarh-to-pathankot,Chandigarh to Pathankot,Laxmi holidays,Bharat Benz A/C Sleeper (2+1),03:45,04h 25m,08:10,3.4,684,1 Seat available
https://www.redbus.in/bus-tickets/chandigarh-to-pathankot,Chandigarh to Pathankot,Orbit Aviation Pvt. Ltd.,Mercedes Multi-Axle Semi Sleeper (2+2),13:47,04h 43m,18:30,3.7,449,40 Seats available
https://www.redbus.in/bus-tickets/chandigarh-to-pathankot,Chandigarh to Pathankot,IntrCity SmartBus,Bharat Benz A/C Seater /Sleeper (2+1),03:45,04h 35m,08:20,4.6,342,9 Seats available
https://www.redbus.in/bus-tickets/chandigarh-to-pathankot,Chandigarh to Pathankot,Orbit Aviation Pvt. Ltd.,A/C Seater (2+2),09:00,04h 20m,13:20,4.3,700,43 Seats available
https://www.redbus.in/bus-tickets/chandigarh-to-pathankot,Chandigarh to Pathankot,RAJDHANI TRANSPORT,NON A/C Seater (2+3),13:00,06h 00m,19:00,4.5,330,51 Seats available
https://www.redbus.in/bus-tickets/chandigarh-to-pathankot,Chandigarh to Pathankot,Orbit Aviation Pvt. Ltd.,A/C Seater (2+2),13:00,04h 35m,17:35,3.6,700,48 Seats available
https://www.redbus.in/bus-tickets/chandigarh-to-pathankot,Chandigarh to Pathankot,RAJDHANI TRANSPORT,NON A/C Seater (2+3),13:23,06h 37m,20:00,4.5,330,51 Seats available
https://www.redbus.in/bus-tickets/chandigarh-to-pathankot,Chandigarh to Pathankot,Orbit Aviation Pvt. Ltd.,Mercedes Multi-Axle Semi Sleeper (2+2),13:45,04h 45m,18:30,3.7,699,53 Seats available
https://www.redbus.in/bus-tickets/chandigarh-to-pathankot,Chandigarh to Pathankot,Orbit Aviation Pvt. Ltd.,A/C Seater (2+2),14:40,04h 20m,19:00,3.2,700,42 Seats available
https://www.redbus.in/bus-tickets/chandigarh-to-pathankot,Chandigarh to Pathankot,Moon Light Travels Katra,A/C Sleeper (2+1),21:15,04h 45m,02:00,3.8,584,26 Seats available
https://www.redbus.in/bus-tickets/chandigarh-to-pathankot,Chandigarh to Pathankot,Khurana Bus Service,Volvo A/C (2+2),14:20,05h 10m,19:30,3.7,595,28 Seats available
https://www.redbus.in/bus-tickets/chandigarh-to-pathankot,Chandigarh to Pathankot,Khurana Bus Service,Volvo A/C (2+2),15:35,05h 05m,20:40,3.3,467,32 Seats available
https://www.redbus.in/bus-tickets/chandigarh-to-pathankot,Chandigarh to Pathankot,Orbit Aviation Pvt. Ltd.,A/C Seater (2+2),16:00,04h 40m,20:40,3.6,700,43 Seats available
https://www.redbus.in/bus-tickets/chandigarh-to-pathankot,Chandigarh to Pathankot,City Land Travels,A/C Seater/Sleeper (2+1),23:15,04h 00m,03:15,3.6,540,32 Seats available
https://www.redbus.in/bus-tickets/chandigarh-to-pathankot,Chandigarh to Pathankot,Orbit Aviation Pvt. Ltd.,Mercedes Multi-Axle Semi Sleeper (2+2),16:20,05h 20m,21:40,3.7,549,42 Seats available
https://www.redbus.in/bus-tickets/chandigarh-to-pathankot,Chandigarh to Pathankot,Moon Light Travels Katra,A/C Sleeper (2+2),22:00,05h 00m,03:00,3.7,494,34 Seats available
https://www.redbus.in/bus-tickets/chandigarh-to-pathankot,Chandigarh to Pathankot,New Pal Travels,A/C Sleeper (2+1),19:30,07h 00m,02:30,3.5,649,35 Seats available
https://www.redbus.in/bus-tickets/chandigarh-to-pathankot,Chandigarh to Pathankot,Moon Light Travels Katra,A/C Sleeper (2+1),22:00,04h 00m,02:00,3.8,674,36 Seats available
https://www.redbus.in/bus-tickets/chandigarh-to-pathankot,Chandigarh to Pathankot,Jamna Travels-Jammu,AshokLeyland Stile A/C,20:15,05h 15m,01:30,4.0,550,26 Seats available
https://www.redbus.in/bus-tickets/chandigarh-to-pathankot,Chandigarh to Pathankot,Baru travels,A/C Seater / Sleeper (2+2),20:45,05h 15m,02:00,4.0,499,43 Seats available
https://www.redbus.in/bus-tickets/chandigarh-to-pathankot,Chandigarh to Pathankot,Harikesh Tour N Travels,A/C Sleeper (2+1),21:00,05h 00m,02:00,3.9,481,24 Seats available
https://www.redbus.in/bus-tickets/chandigarh-to-pathankot,Chandigarh to Pathankot,Radhe Travels,Bharat Benz A/C Sleeper (2+1),21:20,05h 10m,02:30,4.0,499,27 Seats available
https://www.redbus.in/bus-tickets/chandigarh-to-pathankot,Chandigarh to Pathankot,Radhe Travels,Bharat Benz A/C Sleeper (2+1),21:30,05h 00m,02:30,4.0,499,27 Seats available
https://www.redbus.in/bus-tickets/chandigarh-to-pathankot,Chandigarh to Pathankot,Orbit Aviation Pvt. Ltd.,Mercedes Multi-Axle Semi Sleeper (2+2),21:25,04h 45m,02:10,3.7,1100,53 Seats available
https://www.redbus.in/bus-tickets/chandigarh-to-pathankot,Chandigarh to Pathankot,GOBUS,A/C Seater / Sleeper (2+2),22:05,04h 25m,02:30,3.0,693,50 Seats available
https://www.redbus.in/bus-tickets/chandigarh-to-pathankot,Chandigarh to Pathankot,Laxmi holidays,Bharat Benz A/C Seater /Sleeper (2+1),22:50,04h 10m,03:00,4.2,608,37 Seats available
https://www.redbus.in/bus-tickets/chandigarh-to-pathankot,Chandigarh to Pathankot,Zimindara Travels,AC Sleeper (2+1),23:00,04h 30m,03:30,4.0,649,36 Seats available
https://www.redbus.in/bus-tickets/chandigarh-to-pathankot,Chandigarh to Pathankot,City Land Travels,A/C Seater/Sleeper (2+1),23:50,05h 10m,05:00,3.6,529,30 Seats available
https://www.redbus.in/bus-tickets/chandigarh-to-pathankot,Chandigarh to Pathankot,Laxmi holidays,Bharat Benz A/C Seater /Sleeper (2+1),23:05,04h 15m,03:20,4.7,400,46 Seats available
https://www.redbus.in/bus-tickets/chandigarh-to-pathankot,Chandigarh to Pathankot,Goel Tourist (Regd),A/C Seater / Sleeper (2+2),23:15,04h 15m,03:30,3.4,550,44 Seats available
https://www.redbus.in/bus-tickets/chandigarh-to-pathankot,Chandigarh to Pathankot,Jamna Travels (Delhi),A/C Seater / Sleeper (2+2),23:29,05h 16m,04:45,3.6,999,24 Seats available
https://www.redbus.in/bus-tickets/chandigarh-to-pathankot,Chandigarh to Pathankot,SHRI KRISHNA TRAVELS (JAI SHREE GANESH YATRA CO.),VE A/C Seater / Sleeper (2+1),23:30,05h 30m,05:00,3.5,750,15 Seats available
https://www.redbus.in/bus-tickets/chandigarh-to-pathankot,Chandigarh to Pathankot,Vijay Tour and Travels,Bharat Benz A/C Seater /Sleeper (2+1),23:30,05h 30m,05:00,3.7,664,38 Seats available
https://www.redbus.in/bus-tickets/chandigarh-to-pathankot,Chandigarh to Pathankot,Laxmi holidays,Bharat Benz A/C Sleeper (2+1),23:30,04h 50m,04:20,4.7,650,36 Seats available
https://www.redbus.in/bus-tickets/chandigarh-to-pathankot,Chandigarh to Pathankot,Laxmi holidays,Volvo 9600 Multi-Axle A/C Sleeper (2+1),23:50,04h 10m,04:00,4.7,941,38 Seats available
https://www.redbus.in/bus-tickets/chandigarh-to-pathankot,Chandigarh to Pathankot,City Land Travels,A/C Seater/Sleeper (2+1),00:20,03h 40m,04:00,2.3,488,20 Seats available
https://www.redbus.in/bus-tickets/chandigarh-to-pathankot,Chandigarh to Pathankot,Big Bus,A/C Seater / Sleeper (2+2),01:30,03h 30m,05:00,2.4,595,39 Seats available
https://www.redbus.in/bus-tickets/chandigarh-to-pathankot,Chandigarh to Pathankot,DS Hari Travels,A/C Seater / Sleeper (2+2),02:30,04h 40m,07:10,2.4,490,40 Seats available
https://www.redbus.in/bus-tickets/chandigarh-to-pathankot,Chandigarh to Pathankot,Khurana Bus Service,Volvo A/C (2+2),14:25,05h 05m,19:30,1.7,510,32 Seats available
https://www.redbus.in/bus-tickets/chandigarh-to-pathankot,Chandigarh to Pathankot,Big Bus,A/C Seater / Sleeper (2+2),02:50,04h 20m,07:10,2.4,595,40 Seats available
https://www.redbus.in/bus-tickets/chandigarh-to-pathankot,Chandigarh to Pathankot,Shub Yatra Holidays,A/C Sleeper (2+2),04:00,02h 55m,06:55,2.1,699,30 Seats available
https://www.redbus.in/bus-tickets/chandigarh-to-pathankot,Chandigarh to Pathankot,RK Holiday,A/C Seater / Sleeper (2+2),04:30,03h 30m,08:00,2.8,537,40 Seats available
https://www.redbus.in/bus-tickets/chandigarh-to-pathankot,Chandigarh to Pathankot,Hari Das Tour &Travels,Bharat Benz A/C Seater /Sleeper (2+1),04:20,03h 50m,08:10,2.9,539,23 Seats available
https://www.redbus.in/bus-tickets/chandigarh-to-pathankot,Chandigarh to Pathankot,Maheshwaram Travels,A/C Seater / Sleeper (2+2),21:00,09h 00m,06:00,1.6,826,34 Seats available
https://www.redbus.in/bus-tickets/chandigarh-to-pathankot,Chandigarh to Pathankot,SAHARA TRAVELS,A/C Seater / Sleeper (2+2),21:25,05h 30m,02:55,2.9,549,38 Seats available
